,GSM ID,data.level1.class
1,GSM1772058147,oligos
2,GSM1772096158,oligos
3,GSM1772096144,oligos
4,GSM1772092004,oligos
5,GSM1772092004.1,oligos
6,GSM1772096173,oligos
7,GSM1772092004.2,oligos
8,GSM1772078030,oligos
9,GSM1772092004.3,oligos
10,GSM1772092009,oligos
11,GSM1772078019,oligos
12,GSM1772089187,oligos
13,GSM1772078018,oligos
14,GSM1772089188,oligos
15,GSM1772089187.1,oligos
16,GSM1772089188.1,oligos
17,GSM1772096099,oligos
18,GSM1772096162,oligos
19,GSM1772096135,oligos
20,GSM1772096102,oligos
21,GSM1772096165,oligos
22,GSM1772096165.1,oligos
23,GSM1772096138,oligos
24,GSM1772092013,oligos
25,GSM1772096101,oligos
26,GSM1772084021,oligos
27,GSM1772078028,oligos
28,GSM1772084017,oligos
29,GSM1772096141,oligos
30,GSM1772078017,oligos
31,GSM1772075304,oligos
32,GSM1772078018.1,oligos
33,GSM1772092008,oligos
34,GSM1772078030.1,oligos
35,GSM1772096144.1,oligos
36,GSM1772078019.1,oligos
37,GSM1772078030.2,oligos
38,GSM1772096162.1,oligos
39,GSM1772096168,oligos
40,GSM1772078018.2,oligos
41,GSM1772078018.3,oligos
42,GSM1772078016,oligos
43,GSM1772078013,oligos
44,GSM1772078013.1,oligos
45,GSM1772096145,oligos
46,GSM1772096126,oligos
47,GSM1772096168.1,oligos
48,GSM1772078013.2,oligos
49,GSM1772092008.1,oligos
50,GSM1772096097,oligos
51,GSM1772078019.2,oligos
52,GSM1772078018.4,oligos
53,GSM1772078022,oligos
54,GSM1772089196,oligos
55,GSM1772075310,oligos
56,GSM1772096162.2,oligos
57,GSM1772078014,oligos
58,GSM1772096139,oligos
59,GSM1772078016.1,oligos
60,GSM1772089186,oligos
61,GSM1772096126.1,oligos
62,GSM1772096096,oligos
63,GSM1772096099.1,oligos
64,GSM1772096101.1,oligos
65,GSM1772096132,oligos
66,GSM1772096134,oligos
67,GSM1772096141.1,oligos
68,GSM1772084014,oligos
69,GSM1772084017.1,oligos
70,GSM1772096097.1,oligos
71,GSM1772096097.2,oligos
72,GSM1772096138.1,oligos
73,GSM1772096139.1,oligos
74,GSM1772096140,oligos
75,GSM1772096141.2,oligos
76,GSM1772096175,oligos
77,GSM1772078028.1,oligos
78,GSM1772089194,oligos
79,GSM1772096099.2,oligos
80,GSM1772096100,oligos
81,GSM1772096100.1,oligos
82,GSM1772096132.1,oligos
83,GSM1772096133,oligos
84,GSM1772096134.1,oligos
85,GSM1772096138.2,oligos
86,GSM1772096162.3,oligos
87,GSM1772096172,oligos
88,GSM1772096173.1,oligos
89,GSM1772084014.1,oligos
90,GSM1772084021.1,oligos
91,GSM1772075304.1,oligos
92,GSM1772078028.2,oligos
93,GSM1772078031,oligos
94,GSM1772089190,oligos
95,GSM1772092004.4,oligos
96,GSM1772096103,oligos
97,GSM1772096135.1,oligos
98,GSM1772096133.1,oligos
99,GSM1772096134.2,oligos
100,GSM1772096171,oligos
101,GSM1772096172.1,oligos
102,GSM1772096173.2,oligos
103,GSM1772075317,oligos
104,GSM1772075317.1,oligos
105,GSM1772075317.2,oligos
106,GSM1772075304.2,oligos
107,GSM1772075310.1,oligos
108,GSM1772078029,oligos
109,GSM1772078029.1,oligos
110,GSM1772092013.1,oligos
111,GSM1772089190.1,oligos
112,GSM1772089186.1,oligos
113,GSM1772096097.3,oligos
114,GSM1772096097.4,oligos
115,GSM1772096100.2,oligos
116,GSM1772096100.3,oligos
117,GSM1772096100.4,oligos
118,GSM1772096100.5,oligos
119,GSM1772096103.1,oligos
120,GSM1772096132.2,oligos
121,GSM1772096132.3,oligos
122,GSM1772096132.4,oligos
123,GSM1772096135.2,oligos
124,GSM1772096133.2,oligos
125,GSM1772096134.3,oligos
126,GSM1772096136,oligos
127,GSM1772096138.3,oligos
128,GSM1772096138.4,oligos
129,GSM1772096138.5,oligos
130,GSM1772096138.6,oligos
131,GSM1772096138.7,oligos
132,GSM1772096139.2,oligos
133,GSM1772096139.3,oligos
134,GSM1772096139.4,oligos
135,GSM1772096139.5,oligos
136,GSM1772096139.6,oligos
137,GSM1772096141.3,oligos
138,GSM1772096141.4,oligos
139,GSM1772096141.5,oligos
140,GSM1772096165.2,oligos
141,GSM1772096172.2,oligos
142,GSM1772096173.3,oligos
143,GSM1772096173.4,oligos
144,GSM1772096175.1,oligos
145,GSM1772084014.2,oligos
146,GSM1772084017.2,oligos
147,GSM1772078028.3,oligos
148,GSM1772078031.1,oligos
149,GSM1772078017.1,oligos
150,GSM1772096100.6,oligos
151,GSM1772096100.7,oligos
152,GSM1772096141.6,oligos
153,GSM1772096165.3,oligos
154,GSM1772096165.4,oligos
155,GSM1772096100.8,oligos
156,GSM1772096141.7,oligos
157,GSM1772096138.8,oligos
158,GSM1772096102.1,oligos
159,GSM1772096100.9,oligos
160,GSM1772096140.1,oligos
161,GSM1772096133.3,oligos
162,GSM1772096135.3,oligos
163,GSM1772084021.2,oligos
164,GSM1772096132.5,oligos
165,GSM1772084021.3,oligos
166,GSM1772096097.5,oligos
167,GSM1772096132.6,oligos
168,GSM1772084017.3,oligos
169,GSM1772075317.3,oligos
170,GSM1772089195,oligos
171,GSM1772096165.5,oligos
172,GSM1772096100.10,oligos
173,GSM1772096141.8,oligos
174,GSM1772084021.4,oligos
175,GSM1772096138.9,oligos
176,GSM1772096165.6,oligos
177,GSM1772096133.4,oligos
178,GSM1772096172.3,oligos
179,GSM1772096136.1,oligos
180,GSM1772096100.11,oligos
181,GSM1772096100.12,oligos
182,GSM1772096133.5,oligos
183,GSM1772096141.9,oligos
184,GSM1772096173.5,oligos
185,GSM1772096103.2,oligos
186,GSM1772096162.4,oligos
187,GSM1772096103.3,oligos
188,GSM1772096162.5,oligos
189,GSM1772078019.3,oligos
190,GSM1772096101.2,oligos
191,GSM1772096141.10,oligos
192,GSM1772096141.11,oligos
193,GSM1772096141.12,oligos
194,GSM1772096135.4,oligos
195,GSM1772096168.2,oligos
196,GSM1772096141.13,oligos
197,GSM1772078030.3,oligos
198,GSM1772075304.3,oligos
199,GSM1772092012,oligos
200,GSM1772089194.1,oligos
201,GSM1772078022.1,oligos
202,GSM1772096136.2,oligos
203,GSM1772089186.2,oligos
204,GSM1772089194.2,oligos
205,GSM1772096135.5,oligos
206,GSM1772096135.6,oligos
207,GSM1772096103.4,oligos
208,GSM1772096165.7,oligos
209,GSM1772096141.14,oligos
210,GSM1772096140.2,oligos
211,GSM1772096165.8,oligos
212,GSM1772096132.7,oligos
213,GSM1772096103.5,oligos
214,GSM1772096102.2,oligos
215,GSM1772096141.15,oligos
216,GSM1772096103.6,oligos
217,GSM1772096138.10,oligos
218,GSM1772078030.4,oligos
219,GSM1772096135.7,oligos
220,GSM1772092009.1,oligos
221,GSM1772078030.5,oligos
222,GSM1772089195.1,oligos
223,GSM1772092004.5,oligos
224,GSM1772096100.13,oligos
225,GSM1772096136.3,oligos
226,GSM1772096101.3,oligos
227,GSM1772089194.3,oligos
228,GSM1772089190.2,oligos
229,GSM1772078014.1,oligos
230,GSM1772078019.4,oligos
231,GSM1772084017.4,oligos
232,GSM1772096096.1,oligos
233,GSM1772096126.2,oligos
234,GSM1772078029.2,oligos
235,GSM1772075317.4,oligos
236,GSM1772096126.3,oligos
237,GSM1772096171.1,oligos
238,GSM1772096134.4,oligos
239,GSM1772096135.8,oligos
240,GSM1772096168.3,oligos
241,GSM1772096141.16,oligos
242,GSM1772096141.17,oligos
243,GSM1772084017.5,oligos
244,GSM1772096134.5,oligos
245,GSM1772078016.2,oligos
246,GSM1772089195.2,oligos
247,GSM1772075304.4,oligos
248,GSM1772078019.5,oligos
249,GSM1772089186.3,oligos
250,GSM1772096136.4,oligos
251,GSM1772096144.2,oligos
252,GSM1772096101.4,oligos
253,GSM1772096144.3,oligos
254,GSM1772096136.5,oligos
255,GSM1772096140.3,oligos
256,GSM1772084017.6,oligos
257,GSM1772084017.7,oligos
258,GSM1772096135.9,oligos
259,GSM1772075317.5,oligos
260,GSM1772096101.5,oligos
261,GSM1772096103.7,oligos
262,GSM1772096103.8,oligos
263,GSM1772096103.9,oligos
264,GSM1772096138.11,oligos
265,GSM1772096138.12,oligos
266,GSM1772096140.4,oligos
267,GSM1772096141.18,oligos
268,GSM1772096141.19,oligos
269,GSM1772096165.9,oligos
270,GSM1772096165.10,oligos
271,GSM1772096171.2,oligos
272,GSM1772096128,oligos
273,GSM1772096138.13,oligos
274,GSM1772096136.6,oligos
275,GSM1772096102.3,oligos
276,GSM1772096133.6,oligos
277,GSM1772089195.3,oligos
278,GSM1772096134.6,oligos
279,GSM1772096097.6,oligos
280,GSM1772096138.14,oligos
281,GSM1772096139.7,oligos
282,GSM1772096141.20,oligos
283,GSM1772096134.7,oligos
284,GSM1772096101.6,oligos
285,GSM1772078030.6,oligos
286,GSM1772096141.21,oligos
287,GSM1772096101.7,oligos
288,GSM1772089194.4,oligos
289,GSM1772096139.8,oligos
290,GSM1772078031.2,oligos
291,GSM1772075304.5,oligos
292,GSM1772078029.3,oligos
293,GSM1772089190.3,oligos
294,GSM1772096135.10,oligos
295,GSM1772096139.9,oligos
296,GSM1772078030.7,oligos
297,GSM1772075304.6,oligos
298,GSM1772075305,oligos
299,GSM1772078029.4,oligos
300,GSM1772084017.8,oligos
301,GSM1772096139.10,oligos
302,GSM1772096140.5,oligos
303,GSM1772096139.11,oligos
304,GSM1772096144.4,oligos
305,GSM1772096138.15,oligos
306,GSM1772075304.7,oligos
307,GSM1772096126.4,oligos
308,GSM1772075317.6,oligos
309,GSM1772084017.9,oligos
310,GSM1772096138.16,oligos
311,GSM1772096100.14,oligos
312,GSM1772096133.7,oligos
313,GSM1772084021.5,oligos
314,GSM1772096132.8,oligos
315,GSM1772084014.3,oligos
316,GSM1772096140.6,oligos
317,GSM1772096132.9,oligos
318,GSM1772084020,oligos
319,GSM1772096103.10,oligos
320,GSM1772096162.6,oligos
321,GSM1772096132.10,oligos
322,GSM1772096136.7,oligos
323,GSM1772078017.2,oligos
324,GSM1772096102.4,oligos
325,GSM1772089194.5,oligos
326,GSM1772096132.11,oligos
327,GSM1772096099.3,oligos
328,GSM1772096136.8,oligos
329,GSM1772096168.4,oligos
330,GSM1772096102.5,oligos
331,GSM1772096136.9,oligos
332,GSM1772089187.2,oligos
333,GSM1772096100.15,oligos
334,GSM1772096141.22,oligos
335,GSM1772092011,oligos
336,GSM1772096135.11,oligos
337,GSM1772096139.12,oligos
338,GSM1772096135.12,oligos
339,GSM1772096101.8,oligos
340,GSM1772096135.13,oligos
341,GSM1772096141.23,oligos
342,GSM1772096103.11,oligos
343,GSM1772096140.7,oligos
344,GSM1772096103.12,oligos
345,GSM1772096101.9,oligos
346,GSM1772084021.6,oligos
347,GSM1772084021.7,oligos
348,GSM1772096144.5,oligos
349,GSM1772096173.6,oligos
350,GSM1772096132.12,oligos
351,GSM1772084021.8,oligos
352,GSM1772096172.4,oligos
353,GSM1772096141.24,oligos
354,GSM1772096172.5,oligos
355,GSM1772089196.1,oligos
356,GSM1772096172.6,oligos
357,GSM1772075305.1,oligos
358,GSM1772078028.4,oligos
359,GSM1772075304.8,oligos
360,GSM1772075304.9,oligos
361,GSM1772084014.4,oligos
362,GSM1772096140.8,oligos
363,GSM1772096138.17,oligos
364,GSM1772096126.5,oligos
365,GSM1772096138.18,oligos
366,GSM1772084021.9,oligos
367,GSM1772089194.6,oligos
368,GSM1772089194.7,oligos
369,GSM1772078030.8,oligos
370,GSM1772078030.9,oligos
371,GSM1772092009.2,oligos
372,GSM1772092013.2,oligos
373,GSM1772092013.3,oligos
374,GSM1772075305.2,oligos
375,GSM1772078031.3,oligos
376,GSM1772078030.10,oligos
377,GSM1772092012.1,oligos
378,GSM1772078016.3,oligos
379,GSM1772075305.3,oligos
380,GSM1772075317.7,oligos
381,GSM1772078014.2,oligos
382,GSM1772078014.3,oligos
383,GSM1772078014.4,oligos
384,GSM1772078019.6,oligos
385,GSM1772092011.1,oligos
386,GSM1772089188.2,oligos
387,GSM1772089187.3,oligos
388,GSM1772096126.6,oligos
389,GSM1772096096.2,oligos
390,GSM1772096099.4,oligos
391,GSM1772096099.5,oligos
392,GSM1772096099.6,oligos
393,GSM1772096099.7,oligos
394,GSM1772096099.8,oligos
395,GSM1772096100.16,oligos
396,GSM1772096100.17,oligos
397,GSM1772096101.10,oligos
398,GSM1772096101.11,oligos
399,GSM1772096103.13,oligos
400,GSM1772096103.14,oligos
401,GSM1772096103.15,oligos
402,GSM1772096103.16,oligos
403,GSM1772096103.17,oligos
404,GSM1772096132.13,oligos
405,GSM1772096132.14,oligos
406,GSM1772096132.15,oligos
407,GSM1772096132.16,oligos
408,GSM1772096133.8,oligos
409,GSM1772096133.9,oligos
410,GSM1772096134.8,oligos
411,GSM1772096136.10,oligos
412,GSM1772096136.11,oligos
413,GSM1772096139.13,oligos
414,GSM1772096140.9,oligos
415,GSM1772096140.10,oligos
416,GSM1772096140.11,oligos
417,GSM1772096141.25,oligos
418,GSM1772096141.26,oligos
419,GSM1772096162.7,oligos
420,GSM1772096162.8,oligos
421,GSM1772096162.9,oligos
422,GSM1772096162.10,oligos
423,GSM1772096165.11,oligos
424,GSM1772096165.12,oligos
425,GSM1772096168.5,oligos
426,GSM1772096171.3,oligos
427,GSM1772096172.7,oligos
428,GSM1772096172.8,oligos
429,GSM1772096172.9,oligos
430,GSM1772096173.7,oligos
431,GSM1772096173.8,oligos
432,GSM1772096128.1,oligos
433,GSM1772096128.2,oligos
434,GSM1772096128.3,oligos
435,GSM1772096175.2,oligos
436,GSM1772096175.3,oligos
437,GSM1772084020.1,oligos
438,GSM1772084020.2,oligos
439,GSM1772084014.5,oligos
440,GSM1772084021.10,oligos
441,GSM1772084021.11,oligos
442,GSM1772089190.4,oligos
443,GSM1772078022.2,oligos
444,GSM1772092008.2,oligos
445,GSM1772092008.3,oligos
446,GSM1772092009.3,oligos
447,GSM1772078016.4,oligos
448,GSM1772078030.11,oligos
449,GSM1772092013.4,oligos
450,GSM1772078017.3,oligos
451,GSM1772089194.8,oligos
452,GSM1772089195.4,oligos
453,GSM1772089195.5,oligos
454,GSM1772078016.5,oligos
455,GSM1772096101.12,oligos
456,GSM1772089190.5,oligos
457,GSM1772078017.4,oligos
458,GSM1772089190.6,oligos
459,GSM1772078016.6,oligos
460,GSM1772075304.10,oligos
461,GSM1772089190.7,oligos
462,GSM1772075305.4,oligos
463,GSM1772089196.2,oligos
464,GSM1772078028.5,oligos
465,GSM1772078016.7,oligos
466,GSM1772075305.5,oligos
467,GSM1772096139.14,oligos
468,GSM1772075304.11,oligos
469,GSM1772075304.12,oligos
470,GSM1772075304.13,oligos
471,GSM1772075304.14,oligos
472,GSM1772078030.12,oligos
473,GSM1772096168.6,oligos
474,GSM1772075305.6,oligos
475,GSM1772075305.7,oligos
476,GSM1772089186.4,oligos
477,GSM1772092005,oligos
478,GSM1772089186.5,oligos
479,GSM1772078016.8,oligos
480,GSM1772089186.6,oligos
481,GSM1772078017.5,oligos
482,GSM1772078017.6,oligos
483,GSM1772092008.4,oligos
484,GSM1772092008.5,oligos
485,GSM1772092012.2,oligos
486,GSM1772075304.15,oligos
487,GSM1772078017.7,oligos
488,GSM1772092012.3,oligos
489,GSM1772092008.6,oligos
490,GSM1772078017.8,oligos
491,GSM1772078017.9,oligos
492,GSM1772092012.4,oligos
493,GSM1772075304.16,oligos
494,GSM1772092012.5,oligos
495,GSM1772096136.12,oligos
496,GSM1772078013.3,oligos
497,GSM1772075305.8,oligos
498,GSM1772075305.9,oligos
499,GSM1772089196.3,oligos
500,GSM1772075304.17,oligos
501,GSM1772075305.10,oligos
502,GSM1772078013.4,oligos
503,GSM1772089196.4,oligos
504,GSM1772096136.13,oligos
505,GSM1772096132.17,oligos
506,GSM1772075309,oligos
507,GSM1772096173.9,oligos
508,GSM1772096135.14,oligos
509,GSM1772096099.9,oligos
510,GSM1772078030.13,oligos
511,GSM1772096101.13,oligos
512,GSM1772078016.9,oligos
513,GSM1772096135.15,oligos
514,GSM1772089194.9,oligos
515,GSM1772092010,oligos
516,GSM1772078023,oligos
517,GSM1772078018.5,oligos
518,GSM1772096135.16,oligos
519,GSM1772089194.10,oligos
520,GSM1772078013.5,oligos
521,GSM1772096168.7,oligos
522,GSM1772092010.1,oligos
523,GSM1772096138.19,oligos
524,GSM1772078017.10,oligos
525,GSM1772078022.3,oligos
526,GSM1772096140.12,oligos
527,GSM1772089195.6,oligos
528,GSM1772092010.2,oligos
529,GSM1772096168.8,oligos
530,GSM1772058147.1,oligos
531,GSM1772075305.11,oligos
532,GSM1772075305.12,oligos
533,GSM1772075310.2,oligos
534,GSM1772075310.3,oligos
535,GSM1772078029.5,oligos
536,GSM1772078013.6,oligos
537,GSM1772078014.5,oligos
538,GSM1772078016.10,oligos
539,GSM1772078016.11,oligos
540,GSM1772078019.7,oligos
541,GSM1772078019.8,oligos
542,GSM1772078019.9,oligos
543,GSM1772092009.4,oligos
544,GSM1772092009.5,oligos
545,GSM1772092010.3,oligos
546,GSM1772092010.4,oligos
547,GSM1772092011.2,oligos
548,GSM1772089194.11,oligos
549,GSM1772089194.12,oligos
550,GSM1772089195.7,oligos
551,GSM1772089188.3,oligos
552,GSM1772089188.4,oligos
553,GSM1772089186.7,oligos
554,GSM1772089187.4,oligos
555,GSM1772092005.1,oligos
556,GSM1772096126.7,oligos
557,GSM1772096126.8,oligos
558,GSM1772096096.3,oligos
559,GSM1772096096.4,oligos
560,GSM1772096096.5,oligos
561,GSM1772096097.7,oligos
562,GSM1772096099.10,oligos
563,GSM1772096099.11,oligos
564,GSM1772096099.12,oligos
565,GSM1772096099.13,oligos
566,GSM1772096100.18,oligos
567,GSM1772096100.19,oligos
568,GSM1772096100.20,oligos
569,GSM1772096100.21,oligos
570,GSM1772096100.22,oligos
571,GSM1772096101.14,oligos
572,GSM1772096101.15,oligos
573,GSM1772096101.16,oligos
574,GSM1772096101.17,oligos
575,GSM1772096102.6,oligos
576,GSM1772096103.18,oligos
577,GSM1772096103.19,oligos
578,GSM1772096103.20,oligos
579,GSM1772096103.21,oligos
580,GSM1772096132.18,oligos
581,GSM1772096135.17,oligos
582,GSM1772096135.18,oligos
583,GSM1772096135.19,oligos
584,GSM1772096133.10,oligos
585,GSM1772096133.11,oligos
586,GSM1772096136.14,oligos
587,GSM1772096138.20,oligos
588,GSM1772096138.21,oligos
589,GSM1772096138.22,oligos
590,GSM1772096138.23,oligos
591,GSM1772096138.24,oligos
592,GSM1772096138.25,oligos
593,GSM1772096139.15,oligos
594,GSM1772096139.16,oligos
595,GSM1772096140.13,oligos
596,GSM1772096140.14,oligos
597,GSM1772096140.15,oligos
598,GSM1772096141.27,oligos
599,GSM1772096141.28,oligos
600,GSM1772096141.29,oligos
601,GSM1772096141.30,oligos
602,GSM1772096144.6,oligos
603,GSM1772096162.11,oligos
604,GSM1772096162.12,oligos
605,GSM1772096162.13,oligos
606,GSM1772096165.13,oligos
607,GSM1772096168.9,oligos
608,GSM1772096171.4,oligos
609,GSM1772096171.5,oligos
610,GSM1772096171.6,oligos
611,GSM1772096171.7,oligos
612,GSM1772096128.4,oligos
613,GSM1772096145.1,oligos
614,GSM1772096145.2,oligos
615,GSM1772096145.3,oligos
616,GSM1772084020.3,oligos
617,GSM1772084020.4,oligos
618,GSM1772084020.5,oligos
619,GSM1772084020.6,oligos
620,GSM1772084020.7,oligos
621,GSM1772084014.6,oligos
622,GSM1772084017.10,oligos
623,GSM1772084017.11,oligos
624,GSM1772084021.12,oligos
625,GSM1772092013.5,oligos
626,GSM1772078029.6,oligos
627,GSM1772075304.18,oligos
628,GSM1772075304.19,oligos
629,GSM1772078031.4,oligos
630,GSM1772089190.8,oligos
631,GSM1772078016.12,oligos
632,GSM1772075304.20,oligos
633,GSM1772084017.12,oligos
634,GSM1772078013.7,oligos
635,GSM1772075304.21,oligos
636,GSM1772092008.7,oligos
637,GSM1772089195.8,oligos
638,GSM1772096102.7,oligos
639,GSM1772078028.6,oligos
640,GSM1772078029.7,oligos
641,GSM1772096097.8,oligos
642,GSM1772096096.6,oligos
643,GSM1772075310.4,oligos
644,GSM1772075310.5,oligos
645,GSM1772096168.10,oligos
646,GSM1772096100.23,oligos
647,GSM1772096102.8,oligos
648,GSM1772078030.14,oligos
649,GSM1772096168.11,oligos
650,GSM1772078030.15,oligos
651,GSM1772092008.8,oligos
652,GSM1772075310.6,oligos
653,GSM1772096134.9,oligos
654,GSM1772078028.7,oligos
655,GSM1772096136.15,oligos
656,GSM1772078018.6,oligos
657,GSM1772078022.4,oligos
658,GSM1772078019.10,oligos
659,GSM1772096136.16,oligos
660,GSM1772089194.13,oligos
661,GSM1772096168.12,oligos
662,GSM1772096168.13,oligos
663,GSM1772092008.9,oligos
664,GSM1772078013.8,oligos
665,GSM1772078018.7,oligos
666,GSM1772075305.13,oligos
667,GSM1772075304.22,oligos
668,GSM1772096133.12,oligos
669,GSM1772092008.10,oligos
670,GSM1772078018.8,oligos
671,GSM1772078028.8,oligos
672,GSM1772089194.14,oligos
673,GSM1772078018.9,oligos
674,GSM1772096126.9,oligos
675,GSM1772096136.17,oligos
676,GSM1772078031.5,oligos
677,GSM1772084017.13,oligos
678,GSM1772078030.16,oligos
679,GSM1772078017.11,oligos
680,GSM1772078029.8,oligos
681,GSM1772089194.15,oligos
682,GSM1772089190.9,oligos
683,GSM1772092008.11,oligos
684,GSM1772092012.6,oligos
685,GSM1772078013.9,oligos
686,GSM1772075304.23,oligos
687,GSM1772075305.14,oligos
688,GSM1772075304.24,oligos
689,GSM1772078030.17,oligos
690,GSM1772075305.15,oligos
691,GSM1772078030.18,oligos
692,GSM1772092013.6,oligos
693,GSM1772075304.25,oligos
694,GSM1772078016.13,oligos
695,GSM1772078022.5,oligos
696,GSM1772078013.10,oligos
697,GSM1772075304.26,oligos
698,GSM1772078013.11,oligos
699,GSM1772075317.8,oligos
700,GSM1772096136.18,oligos
701,GSM1772075305.16,oligos
702,GSM1772078028.9,oligos
703,GSM1772078014.6,oligos
704,GSM1772078017.12,oligos
705,GSM1772092013.7,oligos
706,GSM1772092008.12,oligos
707,GSM1772092011.3,oligos
708,GSM1772089196.5,oligos
709,GSM1772096162.14,oligos
710,GSM1772096144.7,oligos
711,GSM1772075317.9,oligos
712,GSM1772075310.7,oligos
713,GSM1772078016.14,oligos
714,GSM1772078022.6,oligos
715,GSM1772089190.10,oligos
716,GSM1772092005.2,oligos
717,GSM1772096128.5,oligos
718,GSM1772078014.7,oligos
719,GSM1772078016.15,oligos
720,GSM1772078018.10,oligos
721,GSM1772089195.9,oligos
722,GSM1772096097.9,oligos
723,GSM1772096133.13,oligos
724,GSM1772078030.19,oligos
725,GSM1772096132.19,oligos
726,GSM1772078030.20,oligos
727,GSM1772078030.21,oligos
728,GSM1772078030.22,oligos
729,GSM1772078030.23,oligos
730,GSM1772078013.12,oligos
731,GSM1772078017.13,oligos
732,GSM1772078022.7,oligos
733,GSM1772092012.7,oligos
734,GSM1772092013.8,oligos
735,GSM1772092013.9,oligos
736,GSM1772089195.10,oligos
737,GSM1772089187.5,oligos
738,GSM1772092005.3,oligos
739,GSM1772092005.4,oligos
740,GSM1772096138.26,oligos
741,GSM1772096101.18,oligos
742,GSM1772078013.13,oligos
743,GSM1772092008.13,oligos
744,GSM1772089190.11,oligos
745,GSM1772078013.14,oligos
746,GSM1772078017.14,oligos
747,GSM1772078030.24,oligos
748,GSM1772078030.25,oligos
749,GSM1772078030.26,oligos
750,GSM1772078017.15,oligos
751,GSM1772089194.16,oligos
752,GSM1772089194.17,oligos
753,GSM1772089195.11,oligos
754,GSM1772089196.6,oligos
755,GSM1772096101.19,oligos
756,GSM1772089196.7,oligos
757,GSM1772078018.11,oligos
758,GSM1772078016.16,oligos
759,GSM1772078022.8,oligos
760,GSM1772078017.16,oligos
761,GSM1772075317.10,oligos
762,GSM1772075317.11,oligos
763,GSM1772075310.8,oligos
764,GSM1772096168.14,oligos
765,GSM1772078031.6,oligos
766,GSM1772078017.17,oligos
767,GSM1772096103.22,oligos
768,GSM1772092012.8,oligos
769,GSM1772078013.15,oligos
770,GSM1772078014.8,oligos
771,GSM1772078029.9,oligos
772,GSM1772078014.9,oligos
773,GSM1772096158.1,oligos
774,GSM1772096141.31,oligos
775,GSM1772089194.18,oligos
776,GSM1772075310.9,oligos
777,GSM1772078030.27,oligos
778,GSM1772078030.28,oligos
779,GSM1772078013.16,oligos
780,GSM1772078014.10,oligos
781,GSM1772078018.12,oligos
782,GSM1772078018.13,oligos
783,GSM1772078018.14,oligos
784,GSM1772092008.14,oligos
785,GSM1772089196.8,oligos
786,GSM1772089190.12,oligos
787,GSM1772089187.6,oligos
788,GSM1772092004.6,oligos
789,GSM1772096100.24,oligos
790,GSM1772092008.15,oligos
791,GSM1772096132.20,oligos
792,GSM1772078018.15,oligos
793,GSM1772075305.17,oligos
794,GSM1772078017.18,oligos
795,GSM1772089194.19,oligos
796,GSM1772092012.9,oligos
797,GSM1772096136.19,oligos
798,GSM1772089186.8,oligos
799,GSM1772078031.7,oligos
800,GSM1772089186.9,oligos
801,GSM1772089190.13,oligos
802,GSM1772078017.19,oligos
803,GSM1772078017.20,oligos
804,GSM1772089190.14,oligos
805,GSM1772089194.20,oligos
806,GSM1772078031.8,oligos
807,GSM1772078028.10,oligos
808,GSM1772089188.5,oligos
809,GSM1772092012.10,oligos
810,GSM1772078014.11,oligos
811,GSM1772078013.17,oligos
812,GSM1772075317.12,oligos
813,GSM1772075310.10,oligos
814,GSM1772075310.11,oligos
815,GSM1772078028.11,oligos
816,GSM1772078028.12,oligos
817,GSM1772078029.10,oligos
818,GSM1772078029.11,oligos
819,GSM1772078029.12,oligos
820,GSM1772078030.29,oligos
821,GSM1772078013.18,oligos
822,GSM1772078013.19,oligos
823,GSM1772078014.12,oligos
824,GSM1772078016.17,oligos
825,GSM1772078016.18,oligos
826,GSM1772078016.19,oligos
827,GSM1772078017.21,oligos
828,GSM1772078018.16,oligos
829,GSM1772078018.17,oligos
830,GSM1772078023.1,oligos
831,GSM1772078023.2,oligos
832,GSM1772092008.16,oligos
833,GSM1772092009.6,oligos
834,GSM1772092009.7,oligos
835,GSM1772092010.5,oligos
836,GSM1772092010.6,oligos
837,GSM1772092010.7,oligos
838,GSM1772092011.4,oligos
839,GSM1772089194.21,oligos
840,GSM1772089194.22,oligos
841,GSM1772089195.12,oligos
842,GSM1772089190.15,oligos
843,GSM1772089188.6,oligos
844,GSM1772089188.7,oligos
845,GSM1772089186.10,oligos
846,GSM1772089187.7,oligos
847,GSM1772096158.2,oligos
848,GSM1772096096.7,oligos
849,GSM1772096096.8,oligos
850,GSM1772096096.9,oligos
851,GSM1772096097.10,oligos
852,GSM1772096099.14,oligos
853,GSM1772096099.15,oligos
854,GSM1772096099.16,oligos
855,GSM1772096099.17,oligos
856,GSM1772096100.25,oligos
857,GSM1772096100.26,oligos
858,GSM1772096100.27,oligos
859,GSM1772096101.20,oligos
860,GSM1772096101.21,oligos
861,GSM1772096101.22,oligos
862,GSM1772096101.23,oligos
863,GSM1772096102.9,oligos
864,GSM1772096102.10,oligos
865,GSM1772096103.23,oligos
866,GSM1772096103.24,oligos
867,GSM1772096132.21,oligos
868,GSM1772096132.22,oligos
869,GSM1772096132.23,oligos
870,GSM1772096132.24,oligos
871,GSM1772096132.25,oligos
872,GSM1772096132.26,oligos
873,GSM1772096135.20,oligos
874,GSM1772096135.21,oligos
875,GSM1772096133.14,oligos
876,GSM1772096136.20,oligos
877,GSM1772096136.21,oligos
878,GSM1772096136.22,oligos
879,GSM1772096136.23,oligos
880,GSM1772096138.27,oligos
881,GSM1772096141.32,oligos
882,GSM1772096141.33,oligos
883,GSM1772096141.34,oligos
884,GSM1772096162.15,oligos
885,GSM1772096162.16,oligos
886,GSM1772096162.17,oligos
887,GSM1772096162.18,oligos
888,GSM1772096162.19,oligos
889,GSM1772096162.20,oligos
890,GSM1772096165.14,oligos
891,GSM1772096165.15,oligos
892,GSM1772096168.15,oligos
893,GSM1772096171.8,oligos
894,GSM1772096171.9,oligos
895,GSM1772096171.10,oligos
896,GSM1772096171.11,oligos
897,GSM1772096128.6,oligos
898,GSM1772096131,oligos
899,GSM1772096145.4,oligos
900,GSM1772096175.4,oligos
901,GSM1772096175.5,oligos
902,GSM1772084020.8,oligos
903,GSM1772084021.13,oligos
904,GSM1772084021.14,oligos
905,GSM1772058147.2,oligos
906,GSM1772075310.12,oligos
907,GSM1772075310.13,oligos
908,GSM1772078029.13,oligos
909,GSM1772078029.14,oligos
910,GSM1772078013.20,oligos
911,GSM1772078014.13,oligos
912,GSM1772078014.14,oligos
913,GSM1772078014.15,oligos
914,GSM1772078016.20,oligos
915,GSM1772078022.9,oligos
916,GSM1772078023.3,oligos
917,GSM1772092012.11,oligos
918,GSM1772092009.8,oligos
919,GSM1772092009.9,oligos
920,GSM1772092009.10,oligos
921,GSM1772092010.8,oligos
922,GSM1772092010.9,oligos
923,GSM1772092010.10,oligos
924,GSM1772089195.13,oligos
925,GSM1772089196.9,oligos
926,GSM1772089188.8,oligos
927,GSM1772089188.9,oligos
928,GSM1772092005.5,oligos
929,GSM1772096127,oligos
930,GSM1772096096.10,oligos
931,GSM1772096099.18,oligos
932,GSM1772096099.19,oligos
933,GSM1772096099.20,oligos
934,GSM1772096099.21,oligos
935,GSM1772096100.28,oligos
936,GSM1772096101.24,oligos
937,GSM1772096102.11,oligos
938,GSM1772096103.25,oligos
939,GSM1772096103.26,oligos
940,GSM1772096103.27,oligos
941,GSM1772096103.28,oligos
942,GSM1772096103.29,oligos
943,GSM1772096103.30,oligos
944,GSM1772096103.31,oligos
945,GSM1772096103.32,oligos
946,GSM1772096132.27,oligos
947,GSM1772096132.28,oligos
948,GSM1772096132.29,oligos
949,GSM1772096132.30,oligos
950,GSM1772096132.31,oligos
951,GSM1772096132.32,oligos
952,GSM1772096132.33,oligos
953,GSM1772096132.34,oligos
954,GSM1772096132.35,oligos
955,GSM1772096135.22,oligos
956,GSM1772096133.15,oligos
957,GSM1772096133.16,oligos
958,GSM1772096134.10,oligos
959,GSM1772096134.11,oligos
960,GSM1772096136.24,oligos
961,GSM1772096136.25,oligos
962,GSM1772096136.26,oligos
963,GSM1772096138.28,oligos
964,GSM1772096138.29,oligos
965,GSM1772096138.30,oligos
966,GSM1772096140.16,oligos
967,GSM1772096140.17,oligos
968,GSM1772096144.8,oligos
969,GSM1772096162.21,oligos
970,GSM1772096162.22,oligos
971,GSM1772096162.23,oligos
972,GSM1772096162.24,oligos
973,GSM1772096165.16,oligos
974,GSM1772096165.17,oligos
975,GSM1772096171.12,oligos
976,GSM1772096171.13,oligos
977,GSM1772096171.14,oligos
978,GSM1772096172.10,oligos
979,GSM1772096172.11,oligos
980,GSM1772096173.10,oligos
981,GSM1772096128.7,oligos
982,GSM1772096128.8,oligos
983,GSM1772096145.5,oligos
984,GSM1772096145.6,oligos
985,GSM1772078018.18,oligos
986,GSM1772096126.10,oligos
987,GSM1772096097.11,oligos
988,GSM1772096134.12,oligos
989,GSM1772096144.9,oligos
990,GSM1772089195.14,oligos
991,GSM1772078017.22,oligos
992,GSM1772078028.13,oligos
993,GSM1772092012.12,oligos
994,GSM1772089194.23,oligos
995,GSM1772089195.15,oligos
996,GSM1772089190.16,oligos
997,GSM1772092005.6,oligos
998,GSM1772096100.29,oligos
999,GSM1772096132.36,oligos
1000,GSM1772096136.27,oligos
1001,GSM1772096168.16,oligos
1002,GSM1772092004.7,astrocytes
1003,GSM1772092012.13,astrocytes
1004,GSM1772096126.11,astrocytes
1005,GSM1772089187.8,astrocytes
1006,GSM1772089186.11,astrocytes
1007,GSM1772089194.24,astrocytes
1008,GSM1772089187.9,astrocytes
1009,GSM1772075305.18,astrocytes
1010,GSM1772078029.15,astrocytes
1011,GSM1772089186.12,astrocytes
1012,GSM1772096173.11,astrocytes
1013,GSM1772096173.12,astrocytes
1014,GSM1772078022.10,astrocytes
1015,GSM1772075310.14,astrocytes
1016,GSM1772096138.31,astrocytes
1017,GSM1772096131.1,astrocytes
1018,GSM1772089196.10,astrocytes
1019,GSM1772092004.8,astrocytes
1020,GSM1772089190.17,astrocytes
1021,GSM1772092012.14,astrocytes
1022,GSM1772078013.21,astrocytes
1023,GSM1772092013.10,astrocytes
1024,GSM1772092013.11,astrocytes
1025,GSM1772078022.11,astrocytes
1026,GSM1772096140.18,astrocytes
1027,GSM1772089186.13,astrocytes
1028,GSM1772092012.15,astrocytes
1029,GSM1772092013.12,astrocytes
1030,GSM1772092012.16,astrocytes
1031,GSM1772096097.12,astrocytes
1032,GSM1772089190.18,astrocytes
1033,GSM1772078023.4,astrocytes
1034,GSM1772092012.17,astrocytes
1035,GSM1772092013.13,astrocytes
1036,GSM1772078017.23,astrocytes
1037,GSM1772092013.14,astrocytes
1038,GSM1772092013.15,astrocytes
1039,GSM1772075305.19,astrocytes
1040,GSM1772078023.5,astrocytes
1041,GSM1772092013.16,astrocytes
1042,GSM1772092012.18,astrocytes
1043,GSM1772092013.17,astrocytes
1044,GSM1772092012.19,astrocytes
1045,GSM1772078030.30,astrocytes
1046,GSM1772092012.20,astrocytes
1047,GSM1772089190.19,astrocytes
1048,GSM1772078017.24,astrocytes
1049,GSM1772078018.19,astrocytes
1050,GSM1772096100.30,astrocytes
1051,GSM1772096101.25,astrocytes
1052,GSM1772096138.32,astrocytes
1053,GSM1772096141.35,astrocytes
1054,GSM1772096171.15,astrocytes
1055,GSM1772084014.7,astrocytes
1056,GSM1772092004.9,astrocytes
1057,GSM1772084014.8,astrocytes
1058,GSM1772078022.12,astrocytes
1059,GSM1772096136.28,astrocytes
1060,GSM1772089188.10,astrocytes
1061,GSM1772096171.16,astrocytes
1062,GSM1772078022.13,astrocytes
1063,GSM1772084014.9,astrocytes
1064,GSM1772092004.10,astrocytes
1065,GSM1772075304.27,astrocytes
1066,GSM1772075304.28,astrocytes
1067,GSM1772075305.20,astrocytes
1068,GSM1772092012.21,astrocytes
1069,GSM1772092011.5,astrocytes
1070,GSM1772089195.16,astrocytes
1071,GSM1772089190.20,astrocytes
1072,GSM1772096131.2,astrocytes
1073,GSM1772089195.17,astrocytes
1074,GSM1772096171.17,astrocytes
1075,GSM1772078018.20,astrocytes
1076,GSM1772089187.10,astrocytes
1077,GSM1772092013.18,astrocytes
1078,GSM1772092005.7,astrocytes
1079,GSM1772092008.17,astrocytes
1080,GSM1772089190.21,astrocytes
1081,GSM1772078022.14,astrocytes
1082,GSM1772089188.11,astrocytes
1083,GSM1772089190.22,astrocytes
1084,GSM1772078018.21,astrocytes
1085,GSM1772078017.25,astrocytes
1086,GSM1772078016.21,astrocytes
1087,GSM1772089196.11,astrocytes
1088,GSM1772089190.23,astrocytes
1089,GSM1772092005.8,astrocytes
1090,GSM1772092012.22,astrocytes
1091,GSM1772096136.29,astrocytes
1092,GSM1772089187.11,astrocytes
1093,GSM1772096139.17,astrocytes
1094,GSM1772075317.13,astrocytes
1095,GSM1772096134.13,astrocytes
1096,GSM1772089190.24,astrocytes
1097,GSM1772092008.18,astrocytes
1098,GSM1772089188.12,astrocytes
1099,GSM1772089188.13,astrocytes
1100,GSM1772089188.14,astrocytes
1101,GSM1772075304.29,astrocytes
1102,GSM1772089187.12,astrocytes
1103,GSM1772092012.23,astrocytes
1104,GSM1772092012.24,astrocytes
1105,GSM1772092013.19,astrocytes
1106,GSM1772092004.11,astrocytes
1107,GSM1772092005.9,astrocytes
1108,GSM1772089186.14,astrocytes
1109,GSM1772089194.25,astrocytes
1110,GSM1772096134.14,astrocytes
1111,GSM1772096173.13,astrocytes
1112,GSM1772096145.7,astrocytes
1113,GSM1772096145.8,astrocytes
1114,GSM1772096171.18,astrocytes
1115,GSM1772078028.14,astrocytes
1116,GSM1772096172.12,astrocytes
1117,GSM1772089188.15,astrocytes
1118,GSM1772096133.17,astrocytes
1119,GSM1772075304.30,astrocytes
1120,GSM1772096144.10,astrocytes
1121,GSM1772078017.26,astrocytes
1122,GSM1772096140.19,astrocytes
1123,GSM1772096173.14,astrocytes
1124,GSM1772089190.25,astrocytes
1125,GSM1772089190.26,astrocytes
1126,GSM1772089188.16,astrocytes
1127,GSM1772096131.3,astrocytes
1128,GSM1772075305.21,astrocytes
1129,GSM1772078023.6,astrocytes
1130,GSM1772089186.15,astrocytes
1131,GSM1772089187.13,astrocytes
1132,GSM1772075304.31,astrocytes
1133,GSM1772096103.33,astrocytes
1134,GSM1772078028.15,astrocytes
1135,GSM1772096140.20,astrocytes
1136,GSM1772075317.14,astrocytes
1137,GSM1772075317.15,astrocytes
1138,GSM1772075317.16,astrocytes
1139,GSM1772075317.17,astrocytes
1140,GSM1772075304.32,astrocytes
1141,GSM1772075310.15,astrocytes
1142,GSM1772075310.16,astrocytes
1143,GSM1772078014.16,astrocytes
1144,GSM1772078014.17,astrocytes
1145,GSM1772078016.22,astrocytes
1146,GSM1772078017.27,astrocytes
1147,GSM1772078019.11,astrocytes
1148,GSM1772078019.12,astrocytes
1149,GSM1772092012.25,astrocytes
1150,GSM1772092012.26,astrocytes
1151,GSM1772089194.26,astrocytes
1152,GSM1772089195.18,astrocytes
1153,GSM1772089190.27,astrocytes
1154,GSM1772089190.28,astrocytes
1155,GSM1772089187.14,astrocytes
1156,GSM1772089187.15,astrocytes
1157,GSM1772092005.10,astrocytes
1158,GSM1772092005.11,astrocytes
1159,GSM1772096126.12,astrocytes
1160,GSM1772096161,astrocytes
1161,GSM1772096096.11,astrocytes
1162,GSM1772096097.13,astrocytes
1163,GSM1772096099.22,astrocytes
1164,GSM1772096101.26,astrocytes
1165,GSM1772096102.12,astrocytes
1166,GSM1772096102.13,astrocytes
1167,GSM1772096102.14,astrocytes
1168,GSM1772096102.15,astrocytes
1169,GSM1772096135.23,astrocytes
1170,GSM1772096133.18,astrocytes
1171,GSM1772096133.19,astrocytes
1172,GSM1772096133.20,astrocytes
1173,GSM1772096133.21,astrocytes
1174,GSM1772096134.15,astrocytes
1175,GSM1772096136.30,astrocytes
1176,GSM1772096140.21,astrocytes
1177,GSM1772096140.22,astrocytes
1178,GSM1772096140.23,astrocytes
1179,GSM1772096144.11,astrocytes
1180,GSM1772096162.25,astrocytes
1181,GSM1772096162.26,astrocytes
1182,GSM1772096162.27,astrocytes
1183,GSM1772096165.18,astrocytes
1184,GSM1772096168.17,astrocytes
1185,GSM1772096171.19,astrocytes
1186,GSM1772096171.20,astrocytes
1187,GSM1772096172.13,astrocytes
1188,GSM1772096173.15,astrocytes
1189,GSM1772096173.16,astrocytes
1190,GSM1772096128.9,astrocytes
1191,GSM1772096128.10,astrocytes
1192,GSM1772096131.4,astrocytes
1193,GSM1772096145.9,astrocytes
1194,GSM1772096145.10,astrocytes
1195,GSM1772096145.11,astrocytes
1196,GSM1772096175.6,astrocytes
1197,GSM1772096175.7,astrocytes
1198,GSM1772096175.8,astrocytes
1199,GSM1772084020.9,astrocytes
1200,GSM1772084020.10,astrocytes
1201,GSM1772084014.10,astrocytes
1202,GSM1772084017.14,astrocytes
1203,GSM1772084021.15,astrocytes
1204,GSM1772075310.17,astrocytes
1205,GSM1772078030.31,astrocytes
1206,GSM1772078013.22,astrocytes
1207,GSM1772078018.22,astrocytes
1208,GSM1772092012.27,astrocytes
1209,GSM1772092012.28,astrocytes
1210,GSM1772092011.6,astrocytes
1211,GSM1772092011.7,astrocytes
1212,GSM1772092004.12,astrocytes
1213,GSM1772096126.13,astrocytes
1214,GSM1772096126.14,astrocytes
1215,GSM1772096100.31,astrocytes
1216,GSM1772096102.16,astrocytes
1217,GSM1772096103.34,astrocytes
1218,GSM1772096133.22,astrocytes
1219,GSM1772096138.33,astrocytes
1220,GSM1772096139.18,astrocytes
1221,GSM1772096141.36,astrocytes
1222,GSM1772096165.19,astrocytes
1223,GSM1772096168.18,astrocytes
1224,GSM1772096131.5,astrocytes
1225,GSM1772084014.11,astrocytes
1226,GSM1772078029.16,astrocytes
1227,GSM1772078029.17,astrocytes
1228,GSM1772092012.29,astrocytes
1229,GSM1772092009.11,astrocytes
1230,GSM1772092011.8,astrocytes
1231,GSM1772089188.17,astrocytes
1232,GSM1772092004.13,astrocytes
1233,GSM1772096097.14,astrocytes
1234,GSM1772096101.27,astrocytes
1235,GSM1772096102.17,astrocytes
1236,GSM1772096132.37,astrocytes
1237,GSM1772096136.31,astrocytes
1238,GSM1772096136.32,astrocytes
1239,GSM1772096165.20,astrocytes
1240,GSM1772096172.14,astrocytes
1241,GSM1772084021.16,astrocytes
1242,GSM1772058147.3,astrocytes
1243,GSM1772075310.18,astrocytes
1244,GSM1772089188.18,astrocytes
1245,GSM1772096096.12,astrocytes
1246,GSM1772096099.23,astrocytes
1247,GSM1772096138.34,astrocytes
1248,GSM1772096165.21,astrocytes
1249,GSM1772096168.19,astrocytes
1250,GSM1772096172.15,astrocytes
1251,GSM1772096173.17,astrocytes
1252,GSM1772078019.13,astrocytes
1253,GSM1772089195.19,astrocytes
1254,GSM1772096096.13,astrocytes
1255,GSM1772096135.24,astrocytes
1256,GSM1772096162.28,astrocytes
1257,GSM1772096173.18,astrocytes
1258,GSM1772078029.18,astrocytes
1259,GSM1772078019.14,astrocytes
1260,GSM1772078019.15,astrocytes
1261,GSM1772078019.16,astrocytes
1262,GSM1772092013.20,astrocytes
1263,GSM1772096158.3,astrocytes
1264,GSM1772096161.1,astrocytes
1265,GSM1772096100.32,astrocytes
1266,GSM1772096141.37,astrocytes
1267,GSM1772096162.29,astrocytes
1268,GSM1772096128.11,astrocytes
1269,GSM1772075304.33,ependymal
1270,GSM1772092005.12,ependymal
1271,GSM1772089186.16,ependymal
1272,GSM1772092004.14,ependymal
1273,GSM1772084021.17,ependymal
1274,GSM1772096127.1,ependymal
1275,GSM1772058147.4,ependymal
1276,GSM1772084014.12,ependymal
1277,GSM1772075305.22,ependymal
1278,GSM1772084017.15,ependymal
1279,GSM1772075305.23,ependymal
1280,GSM1772078030.32,ependymal
1281,GSM1772075304.34,ependymal
1282,GSM1772078031.9,ependymal
1283,GSM1772058147.5,ependymal
1284,GSM1772078014.18,ependymal
1285,GSM1772078030.33,ependymal
1286,GSM1772092013.21,ependymal
1287,GSM1772096126.15,ependymal
1288,GSM1772096128.12,ependymal
1289,GSM1772096132.38,ependymal
1290,GSM1772078031.10,ependymal
1291,GSM1772096161.2,ependymal
1292,GSM1772096165.22,ependymal
1293,GSM1772096131.6,ependymal
1294,GSM1772096128.13,ependymal
1295,GSM1772075309.1,ependymal
1296,GSM1772078019.17,ependymal
1297,GSM1772092010.11,ependymal
1298,GSM1772058147.6,ependymal
1299,GSM1772075319,ependymal
1300,GSM1772078029.19,ependymal
1301,GSM1772078031.11,ependymal
1302,GSM1772089195.20,ependymal
1303,GSM1772089196.12,ependymal
1304,GSM1772089186.17,ependymal
1305,GSM1772089186.18,ependymal
1306,GSM1772089187.16,ependymal
1307,GSM1772092004.15,ependymal
1308,GSM1772096158.4,ependymal
1309,GSM1772096131.7,ependymal
1310,GSM1772084021.18,ependymal
1311,GSM1772075319.1,ependymal
1312,GSM1772089190.29,ependymal
1313,GSM1772096131.8,ependymal
1314,GSM1772089194.27,ependymal
1315,GSM1772092010.12,ependymal
1316,GSM1772092005.13,ependymal
1317,GSM1772078017.28,ependymal
1318,GSM1772096126.16,ependymal
1319,GSM1772078028.16,ependymal
1320,GSM1772078013.23,ependymal
1321,GSM1772092004.16,ependymal
1322,GSM1772078016.23,ependymal
1323,GSM1772096172.16,ependymal
1324,GSM1772089186.19,ependymal
1325,GSM1772078029.20,ependymal
1326,GSM1772058147.7,ependymal
1327,GSM1772096135.25,ependymal
1328,GSM1772078018.23,ependymal
1329,GSM1772092008.19,ependymal
1330,GSM1772092011.9,ependymal
1331,GSM1772096168.20,ependymal
1332,GSM1772096127.2,ependymal
1333,GSM1772058147.8,ependymal
1334,GSM1772058147.9,ependymal
1335,GSM1772058147.10,ependymal
1336,GSM1772075317.18,ependymal
1337,GSM1772075305.24,ependymal
1338,GSM1772078031.12,ependymal
1339,GSM1772089187.17,ependymal
1340,GSM1772092004.17,ependymal
1341,GSM1772092004.18,ependymal
1342,GSM1772096126.17,ependymal
1343,GSM1772096139.19,ependymal
1344,GSM1772096141.38,ependymal
1345,GSM1772096128.14,ependymal
1346,GSM1772058147.11,ependymal
1347,GSM1772058147.12,ependymal
1348,GSM1772075309.2,ependymal
1349,GSM1772078030.34,ependymal
1350,GSM1772078031.13,ependymal
1351,GSM1772078013.24,ependymal
1352,GSM1772078018.24,ependymal
1353,GSM1772078019.18,ependymal
1354,GSM1772078019.19,ependymal
1355,GSM1772092012.30,ependymal
1356,GSM1772092009.12,ependymal
1357,GSM1772092009.13,ependymal
1358,GSM1772089186.20,ependymal
1359,GSM1772092004.19,ependymal
1360,GSM1772096126.18,ependymal
1361,GSM1772096126.19,ependymal
1362,GSM1772096127.3,ependymal
1363,GSM1772096127.4,ependymal
1364,GSM1772096131.9,ependymal
1365,GSM1772092008.20,ependymal
1366,GSM1772058147.13,ependymal
1367,GSM1772092004.20,ependymal
1368,GSM1772058147.14,ependymal
1369,GSM1772096158.5,ependymal
1370,GSM1772075304.35,ependymal
1371,GSM1772089196.13,ependymal
1372,GSM1772075309.3,ependymal
1373,GSM1772089194.28,ependymal
1374,GSM1772075305.25,ependymal
1375,GSM1772058147.15,ependymal
1376,GSM1772075319.2,ependymal
1377,GSM1772075309.4,ependymal
1378,GSM1772078030.35,ependymal
1379,GSM1772078017.29,ependymal
1380,GSM1772092008.21,ependymal
1381,GSM1772089186.21,ependymal
1382,GSM1772096127.5,ependymal
1383,GSM1772096158.6,ependymal
1384,GSM1772096131.10,ependymal
1385,GSM1772078014.19,ependymal
1386,GSM1772092004.21,ependymal
1387,GSM1772096127.6,ependymal
1388,GSM1772075310.19,ependymal
1389,GSM1772078022.15,ependymal
1390,GSM1772092010.13,ependymal
1391,GSM1772092011.10,ependymal
1392,GSM1772096131.11,ependymal
1393,GSM1772058147.16,ependymal
1394,GSM1772058147.17,ependymal
1395,GSM1772058147.18,ependymal
1396,GSM1772058147.19,ependymal
1397,GSM1772058147.20,ependymal
1398,GSM1772058147.21,ependymal
1399,GSM1772058147.22,ependymal
1400,GSM1772058147.23,ependymal
1401,GSM1772075319.3,ependymal
1402,GSM1772075319.4,ependymal
1403,GSM1772075319.5,ependymal
1404,GSM1772075319.6,ependymal
1405,GSM1772075304.36,ependymal
1406,GSM1772075304.37,ependymal
1407,GSM1772075309.5,ependymal
1408,GSM1772075310.20,ependymal
1409,GSM1772078030.36,ependymal
1410,GSM1772078031.14,ependymal
1411,GSM1772078013.25,ependymal
1412,GSM1772078014.20,ependymal
1413,GSM1772078014.21,ependymal
1414,GSM1772078019.20,ependymal
1415,GSM1772078019.21,ependymal
1416,GSM1772092009.14,ependymal
1417,GSM1772092009.15,ependymal
1418,GSM1772092009.16,ependymal
1419,GSM1772092009.17,ependymal
1420,GSM1772092010.14,ependymal
1421,GSM1772092010.15,ependymal
1422,GSM1772092011.11,ependymal
1423,GSM1772092011.12,ependymal
1424,GSM1772092011.13,ependymal
1425,GSM1772092011.14,ependymal
1426,GSM1772092011.15,ependymal
1427,GSM1772089194.29,ependymal
1428,GSM1772089194.30,ependymal
1429,GSM1772089194.31,ependymal
1430,GSM1772089194.32,ependymal
1431,GSM1772089194.33,ependymal
1432,GSM1772089194.34,ependymal
1433,GSM1772089195.21,ependymal
1434,GSM1772089195.22,ependymal
1435,GSM1772089196.14,ependymal
1436,GSM1772089196.15,ependymal
1437,GSM1772089196.16,ependymal
1438,GSM1772089196.17,ependymal
1439,GSM1772089196.18,ependymal
1440,GSM1772089196.19,ependymal
1441,GSM1772089188.19,ependymal
1442,GSM1772089186.22,ependymal
1443,GSM1772089187.18,ependymal
1444,GSM1772092004.22,ependymal
1445,GSM1772092004.23,ependymal
1446,GSM1772092004.24,ependymal
1447,GSM1772092004.25,ependymal
1448,GSM1772092005.14,ependymal
1449,GSM1772096126.20,ependymal
1450,GSM1772096126.21,ependymal
1451,GSM1772096126.22,ependymal
1452,GSM1772096126.23,ependymal
1453,GSM1772096126.24,ependymal
1454,GSM1772096126.25,ependymal
1455,GSM1772096126.26,ependymal
1456,GSM1772096126.27,ependymal
1457,GSM1772096126.28,ependymal
1458,GSM1772096127.7,ependymal
1459,GSM1772096127.8,ependymal
1460,GSM1772096127.9,ependymal
1461,GSM1772096158.7,ependymal
1462,GSM1772096158.8,ependymal
1463,GSM1772096161.3,ependymal
1464,GSM1772096161.4,ependymal
1465,GSM1772096099.24,ependymal
1466,GSM1772096103.35,ependymal
1467,GSM1772096103.36,ependymal
1468,GSM1772096103.37,ependymal
1469,GSM1772096132.39,ependymal
1470,GSM1772096132.40,ependymal
1471,GSM1772096132.41,ependymal
1472,GSM1772096133.23,ependymal
1473,GSM1772096133.24,ependymal
1474,GSM1772096134.16,ependymal
1475,GSM1772096134.17,ependymal
1476,GSM1772096134.18,ependymal
1477,GSM1772096134.19,ependymal
1478,GSM1772096139.20,ependymal
1479,GSM1772096141.39,ependymal
1480,GSM1772096165.23,ependymal
1481,GSM1772096168.21,ependymal
1482,GSM1772096171.21,ependymal
1483,GSM1772096171.22,ependymal
1484,GSM1772096172.17,ependymal
1485,GSM1772096172.18,ependymal
1486,GSM1772096172.19,ependymal
1487,GSM1772096172.20,ependymal
1488,GSM1772096172.21,ependymal
1489,GSM1772096173.19,ependymal
1490,GSM1772096173.20,ependymal
1491,GSM1772096128.15,ependymal
1492,GSM1772096128.16,ependymal
1493,GSM1772096128.17,ependymal
1494,GSM1772096128.18,ependymal
1495,GSM1772096131.12,ependymal
1496,GSM1772096131.13,ependymal
1497,GSM1772096131.14,ependymal
1498,GSM1772096131.15,ependymal
1499,GSM1772096131.16,ependymal
1500,GSM1772096131.17,ependymal
1501,GSM1772096145.12,ependymal
1502,GSM1772096145.13,ependymal
1503,GSM1772096145.14,ependymal
1504,GSM1772096175.9,ependymal
1505,GSM1772084020.11,ependymal
1506,GSM1772084017.16,ependymal
1507,GSM1772084017.17,ependymal
1508,GSM1772084017.18,ependymal
1509,GSM1772084017.19,ependymal
1510,GSM1772084021.19,ependymal
1511,GSM1772058147.24,ependymal
1512,GSM1772058147.25,ependymal
1513,GSM1772058147.26,ependymal
1514,GSM1772058147.27,ependymal
1515,GSM1772058147.28,ependymal
1516,GSM1772058147.29,ependymal
1517,GSM1772058147.30,ependymal
1518,GSM1772058147.31,ependymal
1519,GSM1772058147.32,ependymal
1520,GSM1772058147.33,ependymal
1521,GSM1772058147.34,ependymal
1522,GSM1772058147.35,ependymal
1523,GSM1772058147.36,ependymal
1524,GSM1772058147.37,ependymal
1525,GSM1772075304.38,ependymal
1526,GSM1772075305.26,ependymal
1527,GSM1772075305.27,ependymal
1528,GSM1772075309.6,ependymal
1529,GSM1772075309.7,ependymal
1530,GSM1772078028.17,ependymal
1531,GSM1772078029.21,ependymal
1532,GSM1772078031.15,ependymal
1533,GSM1772078013.26,ependymal
1534,GSM1772078017.30,ependymal
1535,GSM1772078018.25,ependymal
1536,GSM1772078019.22,ependymal
1537,GSM1772078019.23,ependymal
1538,GSM1772078019.24,ependymal
1539,GSM1772078019.25,ependymal
1540,GSM1772092012.31,ependymal
1541,GSM1772092009.18,ependymal
1542,GSM1772092010.16,ependymal
1543,GSM1772092010.17,ependymal
1544,GSM1772092010.18,ependymal
1545,GSM1772092010.19,ependymal
1546,GSM1772092010.20,ependymal
1547,GSM1772092011.16,ependymal
1548,GSM1772092011.17,ependymal
1549,GSM1772089196.20,ependymal
1550,GSM1772089196.21,ependymal
1551,GSM1772089186.23,ependymal
1552,GSM1772089187.19,ependymal
1553,GSM1772089187.20,ependymal
1554,GSM1772089187.21,ependymal
1555,GSM1772089187.22,ependymal
1556,GSM1772089187.23,ependymal
1557,GSM1772089187.24,ependymal
1558,GSM1772096127.10,ependymal
1559,GSM1772096127.11,ependymal
1560,GSM1772096158.9,ependymal
1561,GSM1772096158.10,ependymal
1562,GSM1772096161.5,ependymal
1563,GSM1772096096.14,ependymal
1564,GSM1772096097.15,ependymal
1565,GSM1772096100.33,ependymal
1566,GSM1772096133.25,ependymal
1567,GSM1772096133.26,ependymal
1568,GSM1772096134.20,ependymal
1569,GSM1772096172.22,ependymal
1570,GSM1772096173.21,ependymal
1571,GSM1772096131.18,ependymal
1572,GSM1772096145.15,ependymal
1573,GSM1772084017.20,ependymal
1574,GSM1772084017.21,ependymal
1575,GSM1772084021.20,ependymal
1576,GSM1772092008.22,ependymal
1577,GSM1772078018.26,ependymal
1578,GSM1772075319.7,ependymal
1579,GSM1772058147.38,ependymal
1580,GSM1772058147.39,ependymal
1581,GSM1772096131.19,ependymal
1582,GSM1772058147.40,ependymal
1583,GSM1772058147.41,ependymal
1584,GSM1772058147.42,ependymal
1585,GSM1772078031.16,ependymal
1586,GSM1772092008.23,ependymal
1587,GSM1772089186.24,ependymal
1588,GSM1772096134.21,ependymal
1589,GSM1772078023.7,ependymal
1590,GSM1772084017.22,ependymal
1591,GSM1772058147.43,ependymal
1592,GSM1772096131.20,ependymal
1593,GSM1772078019.26,ependymal
1594,GSM1772078019.27,ependymal
1595,GSM1772075305.28,ependymal
1596,GSM1772075309.8,ependymal
1597,GSM1772078029.22,ependymal
1598,GSM1772058147.44,ependymal
1599,GSM1772096172.23,ependymal
1600,GSM1772075319.8,ependymal
1601,GSM1772092004.26,ependymal
1602,GSM1772075305.29,ependymal
1603,GSM1772092004.27,ependymal
1604,GSM1772078031.17,ependymal
1605,GSM1772078017.31,ependymal
1606,GSM1772089186.25,ependymal
1607,GSM1772092008.24,ependymal
1608,GSM1772075305.30,ependymal
1609,GSM1772078019.28,ependymal
1610,GSM1772078019.29,ependymal
1611,GSM1772089186.26,ependymal
1612,GSM1772092013.22,ependymal
1613,GSM1772092012.32,ependymal
1614,GSM1772092008.25,ependymal
1615,GSM1772092013.23,ependymal
1616,GSM1772075304.39,ependymal
1617,GSM1772089186.27,ependymal
1618,GSM1772078031.18,ependymal
1619,GSM1772089186.28,ependymal
1620,GSM1772078031.19,ependymal
1621,GSM1772078031.20,ependymal
1622,GSM1772078031.21,ependymal
1623,GSM1772078031.22,ependymal
1624,GSM1772078031.23,ependymal
1625,GSM1772096096.15,microglia
1626,GSM1772075309.9,microglia
1627,GSM1772096101.28,microglia
1628,GSM1772092012.33,microglia
1629,GSM1772092009.19,microglia
1630,GSM1772092012.34,microglia
1631,GSM1772092008.26,microglia
1632,GSM1772092008.27,microglia
1633,GSM1772075304.40,microglia
1634,GSM1772089190.30,microglia
1635,GSM1772078031.24,microglia
1636,GSM1772075304.41,microglia
1637,GSM1772089186.29,microglia
1638,GSM1772075319.9,microglia
1639,GSM1772084017.23,microglia
1640,GSM1772096099.25,microglia
1641,GSM1772096131.21,microglia
1642,GSM1772078019.30,microglia
1643,GSM1772078013.27,microglia
1644,GSM1772078031.25,microglia
1645,GSM1772078018.27,microglia
1646,GSM1772096101.29,microglia
1647,GSM1772078031.26,microglia
1648,GSM1772078013.28,microglia
1649,GSM1772078018.28,microglia
1650,GSM1772089190.31,microglia
1651,GSM1772058147.45,microglia
1652,GSM1772078028.18,microglia
1653,GSM1772096099.26,microglia
1654,GSM1772096172.24,microglia
1655,GSM1772092005.15,microglia
1656,GSM1772096097.16,microglia
1657,GSM1772096097.17,microglia
1658,GSM1772084014.13,microglia
1659,GSM1772096173.22,microglia
1660,GSM1772096100.34,microglia
1661,GSM1772096100.35,microglia
1662,GSM1772092005.16,microglia
1663,GSM1772078017.32,microglia
1664,GSM1772096144.12,microglia
1665,GSM1772078013.29,microglia
1666,GSM1772078014.22,microglia
1667,GSM1772078023.8,microglia
1668,GSM1772092004.28,microglia
1669,GSM1772078019.31,microglia
1670,GSM1772089186.30,microglia
1671,GSM1772078016.24,microglia
1672,GSM1772058147.46,microglia
1673,GSM1772078014.23,vsm
1674,GSM1772096145.16,vsm
1675,GSM1772078030.37,vsm
1676,GSM1772084014.14,vsm
1677,GSM1772096135.26,vsm
1678,GSM1772096133.27,vsm
1679,GSM1772096134.22,vsm
1680,GSM1772075305.31,vsm
1681,GSM1772092012.35,vsm
1682,GSM1772078018.29,vsm
1683,GSM1772096103.38,vsm
1684,GSM1772078029.23,vsm
1685,GSM1772078014.24,vsm
1686,GSM1772092013.24,vsm
1687,GSM1772096100.36,vsm
1688,GSM1772096136.33,vsm
1689,GSM1772096165.24,vsm
1690,GSM1772089196.22,vsm
1691,GSM1772078013.30,vsm
1692,GSM1772089187.25,vsm
1693,GSM1772078016.25,vsm
1694,GSM1772096100.37,vsm
1695,GSM1772092010.21,vsm
1696,GSM1772078018.30,vsm
1697,GSM1772096135.27,vsm
1698,GSM1772096172.25,vsm
1699,GSM1772092008.28,vsm
1700,GSM1772078022.16,vsm
1701,GSM1772096134.23,vsm
1702,GSM1772078018.31,vsm
1703,GSM1772078017.33,vsm
1704,GSM1772096133.28,vsm
1705,GSM1772096145.17,vsm
1706,GSM1772078013.31,vsm
1707,GSM1772096168.22,vsm
1708,GSM1772078016.26,vsm
1709,GSM1772078013.32,vsm
1710,GSM1772096168.23,vsm
1711,GSM1772078014.25,vsm
1712,GSM1772096099.27,vsm
1713,GSM1772078013.33,vsm
1714,GSM1772078013.34,vsm
1715,GSM1772092013.25,vsm
1716,GSM1772078031.27,vsm
1717,GSM1772078013.35,vsm
1718,GSM1772092008.29,vsm
1719,GSM1772078014.26,vsm
1720,GSM1772096134.24,vsm
1721,GSM1772058147.47,vsm
1722,GSM1772092012.36,vsm
1723,GSM1772096172.26,vsm
1724,GSM1772092010.22,vsm
1725,GSM1772096135.28,vsm
1726,GSM1772092012.37,vsm
1727,GSM1772092005.17,vsm
1728,GSM1772096099.28,vsm
1729,GSM1772096145.18,vsm
1730,GSM1772096168.24,vsm
1731,GSM1772078016.27,vsm
1732,GSM1772096135.29,vsm
1733,GSM1772096173.23,vsm
1734,GSM1772092008.30,vsm
1735,GSM1772096097.18,vsm
1736,GSM1772096100.38,vsm
1737,GSM1772096103.39,vsm
1738,GSM1772096136.34,vsm
1739,GSM1772096136.35,vsm
1740,GSM1772096165.25,vsm
1741,GSM1772096172.27,vsm
1742,GSM1772096131.22,vsm
1743,GSM1772058147.48,vsm
1744,GSM1772058147.49,endothelial
1745,GSM1772058147.50,endothelial
1746,GSM1772075317.19,endothelial
1747,GSM1772075317.20,endothelial
1748,GSM1772075317.21,endothelial
1749,GSM1772075317.22,endothelial
1750,GSM1772075317.23,endothelial
1751,GSM1772075305.32,endothelial
1752,GSM1772075310.21,endothelial
1753,GSM1772075310.22,endothelial
1754,GSM1772078028.19,endothelial
1755,GSM1772078028.20,endothelial
1756,GSM1772078014.27,endothelial
1757,GSM1772078014.28,endothelial
1758,GSM1772078014.29,endothelial
1759,GSM1772078016.28,endothelial
1760,GSM1772078017.34,endothelial
1761,GSM1772078022.17,endothelial
1762,GSM1772078023.9,endothelial
1763,GSM1772092012.38,endothelial
1764,GSM1772092012.39,endothelial
1765,GSM1772092013.26,endothelial
1766,GSM1772092013.27,endothelial
1767,GSM1772092008.31,endothelial
1768,GSM1772092010.23,endothelial
1769,GSM1772092011.18,endothelial
1770,GSM1772092011.19,endothelial
1771,GSM1772092011.20,endothelial
1772,GSM1772092011.21,endothelial
1773,GSM1772089194.35,endothelial
1774,GSM1772089195.23,endothelial
1775,GSM1772089196.23,endothelial
1776,GSM1772089196.24,endothelial
1777,GSM1772089190.32,endothelial
1778,GSM1772089190.33,endothelial
1779,GSM1772089186.31,endothelial
1780,GSM1772089187.26,endothelial
1781,GSM1772096097.19,endothelial
1782,GSM1772096097.20,endothelial
1783,GSM1772096099.29,endothelial
1784,GSM1772096099.30,endothelial
1785,GSM1772096100.39,endothelial
1786,GSM1772096101.30,endothelial
1787,GSM1772096102.18,endothelial
1788,GSM1772096103.40,endothelial
1789,GSM1772096132.42,endothelial
1790,GSM1772096132.43,endothelial
1791,GSM1772096133.29,endothelial
1792,GSM1772096133.30,endothelial
1793,GSM1772096136.36,endothelial
1794,GSM1772096136.37,endothelial
1795,GSM1772096136.38,endothelial
1796,GSM1772096138.35,endothelial
1797,GSM1772096138.36,endothelial
1798,GSM1772096140.24,endothelial
1799,GSM1772096140.25,endothelial
1800,GSM1772096140.26,endothelial
1801,GSM1772096140.27,endothelial
1802,GSM1772096140.28,endothelial
1803,GSM1772096141.40,endothelial
1804,GSM1772096141.41,endothelial
1805,GSM1772096162.30,endothelial
1806,GSM1772096162.31,endothelial
1807,GSM1772096168.25,endothelial
1808,GSM1772096168.26,endothelial
1809,GSM1772096168.27,endothelial
1810,GSM1772096168.28,endothelial
1811,GSM1772096171.23,endothelial
1812,GSM1772096171.24,endothelial
1813,GSM1772096172.28,endothelial
1814,GSM1772096131.23,endothelial
1815,GSM1772096131.24,endothelial
1816,GSM1772096131.25,endothelial
1817,GSM1772096145.19,endothelial
1818,GSM1772096145.20,endothelial
1819,GSM1772096175.10,endothelial
1820,GSM1772084014.15,endothelial
1821,GSM1772084014.16,endothelial
1822,GSM1772084017.24,endothelial
1823,GSM1772075317.24,endothelial
1824,GSM1772075317.25,endothelial
1825,GSM1772075310.23,endothelial
1826,GSM1772078019.32,endothelial
1827,GSM1772078022.18,endothelial
1828,GSM1772078023.10,endothelial
1829,GSM1772092010.24,endothelial
1830,GSM1772092010.25,endothelial
1831,GSM1772096099.31,endothelial
1832,GSM1772096099.32,endothelial
1833,GSM1772096103.41,endothelial
1834,GSM1772096136.39,endothelial
1835,GSM1772096140.29,endothelial
1836,GSM1772096144.13,endothelial
1837,GSM1772096144.14,endothelial
1838,GSM1772096162.32,endothelial
1839,GSM1772096128.19,endothelial
1840,GSM1772084021.21,endothelial
1841,GSM1772092013.28,endothelial
1842,GSM1772075310.24,endothelial
1843,GSM1772078028.21,endothelial
1844,GSM1772092009.20,endothelial
1845,GSM1772092009.21,endothelial
1846,GSM1772078023.11,endothelial
1847,GSM1772078023.12,endothelial
1848,GSM1772092010.26,endothelial
1849,GSM1772078019.33,endothelial
1850,GSM1772078013.36,endothelial
1851,GSM1772092011.22,endothelial
1852,GSM1772092013.29,endothelial
1853,GSM1772092011.23,endothelial
1854,GSM1772096140.30,endothelial
1855,GSM1772078014.30,endothelial
1856,GSM1772096102.19,endothelial
1857,GSM1772089195.24,endothelial
1858,GSM1772096134.25,endothelial
1859,GSM1772078018.32,endothelial
1860,GSM1772078013.37,endothelial
1861,GSM1772075305.33,endothelial
1862,GSM1772092005.18,endothelial
1863,GSM1772092013.30,endothelial
1864,GSM1772096139.21,endothelial
1865,GSM1772096127.12,endothelial
1866,GSM1772075305.34,endothelial
1867,GSM1772058147.51,endothelial
1868,GSM1772075319.10,endothelial
1869,GSM1772075309.10,endothelial
1870,GSM1772078028.22,endothelial
1871,GSM1772096103.42,endothelial
1872,GSM1772096138.37,endothelial
1873,GSM1772096139.22,endothelial
1874,GSM1772096140.31,endothelial
1875,GSM1772096141.42,endothelial
1876,GSM1772096131.26,endothelial
1877,GSM1772096131.27,endothelial
1878,GSM1772096145.21,endothelial
1879,GSM1772089186.32,endothelial
1880,GSM1772096172.29,endothelial
1881,GSM1772078016.29,endothelial
1882,GSM1772078030.38,endothelial
1883,GSM1772078016.30,endothelial
1884,GSM1772096139.23,endothelial
1885,GSM1772075317.26,endothelial
1886,GSM1772075317.27,endothelial
1887,GSM1772078022.19,endothelial
1888,GSM1772078031.28,endothelial
1889,GSM1772089194.36,endothelial
1890,GSM1772092013.31,endothelial
1891,GSM1772096135.30,endothelial
1892,GSM1772058147.52,endothelial
1893,GSM1772078023.13,endothelial
1894,GSM1772078014.31,endothelial
1895,GSM1772078014.32,endothelial
1896,GSM1772078014.33,endothelial
1897,GSM1772078017.35,endothelial
1898,GSM1772092012.40,endothelial
1899,GSM1772092008.32,endothelial
1900,GSM1772089186.33,endothelial
1901,GSM1772096127.13,endothelial
1902,GSM1772078018.33,endothelial
1903,GSM1772078019.34,endothelial
1904,GSM1772089190.34,endothelial
1905,GSM1772078016.31,endothelial
1906,GSM1772078019.35,endothelial
1907,GSM1772078031.29,endothelial
1908,GSM1772092013.32,endothelial
1909,GSM1772078016.32,endothelial
1910,GSM1772078013.38,endothelial
1911,GSM1772075305.35,endothelial
1912,GSM1772092008.33,endothelial
1913,GSM1772075310.25,endothelial
1914,GSM1772078023.14,endothelial
1915,GSM1772075309.11,endothelial
1916,GSM1772075310.26,endothelial
1917,GSM1772092005.19,endothelial
1918,GSM1772078030.39,endothelial
1919,GSM1772078023.15,endothelial
1920,GSM1772075305.36,endothelial
1921,GSM1772075317.28,endothelial
1922,GSM1772075317.29,endothelial
1923,GSM1772075309.12,endothelial
1924,GSM1772075309.13,endothelial
1925,GSM1772078014.34,endothelial
1926,GSM1772078030.40,endothelial
1927,GSM1772075305.37,endothelial
1928,GSM1772092009.22,endothelial
1929,GSM1772092013.33,endothelial
1930,GSM1772075310.27,endothelial
1931,GSM1772096131.28,endothelial
1932,GSM1772078022.20,endothelial
1933,GSM1772078016.33,endothelial
1934,GSM1772092012.41,endothelial
1935,GSM1772096100.40,endothelial
1936,GSM1772096096.16,endothelial
1937,GSM1772096171.25,endothelial
1938,GSM1772078017.36,endothelial
1939,GSM1772078013.39,endothelial
1940,GSM1772075309.14,endothelial
1941,GSM1772092005.20,endothelial
1942,GSM1772078016.34,endothelial
1943,GSM1772092013.34,endothelial
1944,GSM1772078017.37,endothelial
1945,GSM1772075305.38,endothelial
1946,GSM1772058147.53,endothelial
1947,GSM1772096133.31,endothelial
1948,GSM1772092013.35,endothelial
1949,GSM1772078022.21,endothelial
1950,GSM1772078017.38,endothelial
1951,GSM1772078013.40,endothelial
1952,GSM1772078018.34,endothelial
1953,GSM1772078031.30,endothelial
1954,GSM1772078022.22,endothelial
1955,GSM1772078028.23,endothelial
1956,GSM1772078022.23,endothelial
1957,GSM1772075309.15,endothelial
1958,GSM1772075304.42,endothelial
1959,GSM1772075305.39,endothelial
1960,GSM1772096128.20,endothelial
1961,GSM1772084021.22,endothelial
1962,GSM1772075317.30,endothelial
1963,GSM1772092012.42,endothelial
1964,GSM1772096144.15,endothelial
1965,GSM1772075305.40,endothelial
1966,GSM1772078016.35,endothelial
1967,GSM1772078016.36,endothelial
1968,GSM1772058147.54,endothelial
1969,GSM1772075309.16,endothelial
1970,GSM1772075305.41,endothelial
1971,GSM1772096136.40,endothelial
1972,GSM1772058147.55,endothelial
1973,GSM1772078017.39,endothelial
1974,GSM1772075317.31,endothelial
1975,GSM1772075309.17,endothelial
1976,GSM1772075309.18,endothelial
1977,GSM1772058147.56,endothelial
1978,GSM1772078022.24,endothelial
1979,GSM1772075309.19,endothelial
1980,GSM1772075310.28,endothelial
1981,GSM1772075310.29,endothelial
1982,GSM1772075317.32,endothelial
1983,GSM1772078019.36,endothelial
1984,GSM1772084020.12,neurons
1985,GSM1772078030.41,neurons
1986,GSM1772075319.11,neurons
1987,GSM1772078028.24,neurons
1988,GSM1772096126.29,neurons
1989,GSM1772075317.33,neurons
1990,GSM1772084017.25,neurons
1991,GSM1772096101.31,neurons
1992,GSM1772096162.33,neurons
1993,GSM1772084021.23,neurons
1994,GSM1772078031.31,neurons
1995,GSM1772096134.26,neurons
1996,GSM1772096139.24,neurons
1997,GSM1772096096.17,neurons
1998,GSM1772096141.43,neurons
1999,GSM1772078023.16,neurons
2000,GSM1772078030.42,neurons
2001,GSM1772078029.24,neurons
2002,GSM1772078017.40,neurons
2003,GSM1772078017.41,neurons
2004,GSM1772078028.25,neurons
2005,GSM1772078023.17,neurons
2006,GSM1772096145.22,neurons
2007,GSM1772096099.33,neurons
2008,GSM1772075317.34,neurons
2009,GSM1772075309.20,neurons
2010,GSM1772096127.14,neurons
2011,GSM1772096139.25,neurons
2012,GSM1772096144.16,neurons
2013,GSM1772096162.34,neurons
2014,GSM1772096165.26,neurons
2015,GSM1772096096.18,neurons
2016,GSM1772096127.15,neurons
2017,GSM1772096144.17,neurons
2018,GSM1772078028.26,neurons
2019,GSM1772078023.18,neurons
2020,GSM1772092010.27,neurons
2021,GSM1772092005.21,neurons
2022,GSM1772096096.19,neurons
2023,GSM1772096165.27,neurons
2024,GSM1772096128.21,neurons
2025,GSM1772084014.17,neurons
2026,GSM1772092005.22,neurons
2027,GSM1772078029.25,neurons
2028,GSM1772078018.35,neurons
2029,GSM1772092008.34,neurons
2030,GSM1772096097.21,neurons
2031,GSM1772096101.32,neurons
2032,GSM1772084020.13,neurons
2033,GSM1772084014.18,neurons
2034,GSM1772084017.26,neurons
2035,GSM1772096173.24,neurons
2036,GSM1772096168.29,neurons
2037,GSM1772058147.57,neurons
2038,GSM1772078018.36,neurons
2039,GSM1772092005.23,neurons
2040,GSM1772096101.33,neurons
2041,GSM1772096145.23,neurons
2042,GSM1772058147.58,neurons
2043,GSM1772075309.21,neurons
2044,GSM1772058147.59,neurons
2045,GSM1772096096.20,neurons
2046,GSM1772058147.60,neurons
2047,GSM1772078030.43,neurons
2048,GSM1772084021.24,neurons
2049,GSM1772096171.26,neurons
2050,GSM1772096141.44,neurons
2051,GSM1772096171.27,neurons
2052,GSM1772075319.12,neurons
2053,GSM1772058147.61,neurons
2054,GSM1772058147.62,neurons
2055,GSM1772075309.22,neurons
2056,GSM1772096132.44,neurons
2057,GSM1772084021.25,neurons
2058,GSM1772092008.35,neurons
2059,GSM1772096127.16,neurons
2060,GSM1772096128.22,neurons
2061,GSM1772092013.36,neurons
2062,GSM1772096171.28,neurons
2063,GSM1772096161.6,neurons
2064,GSM1772075309.23,neurons
2065,GSM1772092005.24,neurons
2066,GSM1772058147.63,neurons
2067,GSM1772084021.26,neurons
2068,GSM1772096127.17,neurons
2069,GSM1772084020.14,neurons
2070,GSM1772078028.27,neurons
2071,GSM1772078029.26,neurons
2072,GSM1772096127.18,neurons
2073,GSM1772096127.19,neurons
2074,GSM1772096171.29,neurons
2075,GSM1772075319.13,neurons
2076,GSM1772075319.14,neurons
2077,GSM1772092008.36,neurons
2078,GSM1772096132.45,neurons
2079,GSM1772075309.24,neurons
2080,GSM1772092005.25,neurons
2081,GSM1772078022.25,neurons
2082,GSM1772084021.27,neurons
2083,GSM1772075310.30,neurons
2084,GSM1772075319.15,neurons
2085,GSM1772078031.32,neurons
2086,GSM1772084020.15,neurons
2087,GSM1772078016.37,neurons
2088,GSM1772075309.25,neurons
2089,GSM1772075310.31,neurons
2090,GSM1772096127.20,neurons
2091,GSM1772096161.7,neurons
2092,GSM1772096099.34,neurons
2093,GSM1772075310.32,neurons
2094,GSM1772075310.33,neurons
2095,GSM1772078017.42,neurons
2096,GSM1772092008.37,neurons
2097,GSM1772092008.38,neurons
2098,GSM1772096126.30,neurons
2099,GSM1772096138.38,neurons
2100,GSM1772075317.35,neurons
2101,GSM1772075310.34,neurons
2102,GSM1772078029.27,neurons
2103,GSM1772078031.33,neurons
2104,GSM1772075309.26,neurons
2105,GSM1772075309.27,neurons
2106,GSM1772078016.38,neurons
2107,GSM1772078014.35,neurons
2108,GSM1772096168.30,neurons
2109,GSM1772058147.64,neurons
2110,GSM1772075309.28,neurons
2111,GSM1772075309.29,neurons
2112,GSM1772075310.35,neurons
2113,GSM1772078016.39,neurons
2114,GSM1772078017.43,neurons
2115,GSM1772078017.44,neurons
2116,GSM1772078022.26,neurons
2117,GSM1772096132.46,neurons
2118,GSM1772096138.39,neurons
2119,GSM1772096173.25,neurons
2120,GSM1772078031.34,neurons
2121,GSM1772078013.41,neurons
2122,GSM1772084021.28,neurons
2123,GSM1772075319.16,neurons
2124,GSM1772075319.17,neurons
2125,GSM1772096144.18,neurons
2126,GSM1772096168.31,neurons
2127,GSM1772096128.23,neurons
2128,GSM1772084017.27,neurons
2129,GSM1772075309.30,neurons
2130,GSM1772075309.31,neurons
2131,GSM1772078018.37,neurons
2132,GSM1772075304.43,neurons
2133,GSM1772075305.42,neurons
2134,GSM1772075309.32,neurons
2135,GSM1772078029.28,neurons
2136,GSM1772078029.29,neurons
2137,GSM1772078030.44,neurons
2138,GSM1772078031.35,neurons
2139,GSM1772078016.40,neurons
2140,GSM1772078022.27,neurons
2141,GSM1772096100.41,neurons
2142,GSM1772096100.42,neurons
2143,GSM1772096103.43,neurons
2144,GSM1772096132.47,neurons
2145,GSM1772096133.32,neurons
2146,GSM1772096134.27,neurons
2147,GSM1772096138.40,neurons
2148,GSM1772084020.16,neurons
2149,GSM1772096138.41,neurons
2150,GSM1772078031.36,neurons
2151,GSM1772078016.41,neurons
2152,GSM1772096136.41,neurons
2153,GSM1772096138.42,neurons
2154,GSM1772096144.19,neurons
2155,GSM1772096101.34,neurons
2156,GSM1772075305.43,neurons
2157,GSM1772075309.33,neurons
2158,GSM1772058147.65,neurons
2159,GSM1772075310.36,neurons
2160,GSM1772078028.28,neurons
2161,GSM1772078028.29,neurons
2162,GSM1772078029.30,neurons
2163,GSM1772078016.42,neurons
2164,GSM1772078023.19,neurons
2165,GSM1772096126.31,neurons
2166,GSM1772096127.21,neurons
2167,GSM1772096101.35,neurons
2168,GSM1772096101.36,neurons
2169,GSM1772096145.24,neurons
2170,GSM1772084014.19,neurons
2171,GSM1772084021.29,neurons
2172,GSM1772084021.30,neurons
2173,GSM1772096128.24,neurons
2174,GSM1772096175.11,neurons
2175,GSM1772096103.44,neurons
2176,GSM1772096145.25,neurons
2177,GSM1772096145.26,neurons
2178,GSM1772092011.24,neurons
2179,GSM1772075309.34,neurons
2180,GSM1772092010.28,neurons
2181,GSM1772078018.38,neurons
2182,GSM1772078019.37,neurons
2183,GSM1772092010.29,neurons
2184,GSM1772078018.39,neurons
2185,GSM1772078019.38,neurons
2186,GSM1772078022.28,neurons
2187,GSM1772078030.45,neurons
2188,GSM1772078014.36,neurons
2189,GSM1772096096.21,neurons
2190,GSM1772096097.22,neurons
2191,GSM1772075310.37,neurons
2192,GSM1772096140.32,neurons
2193,GSM1772078028.30,neurons
2194,GSM1772096140.33,neurons
2195,GSM1772092011.25,neurons
2196,GSM1772096100.43,neurons
2197,GSM1772096138.43,neurons
2198,GSM1772092010.30,neurons
2199,GSM1772075309.35,neurons
2200,GSM1772075310.38,neurons
2201,GSM1772058147.66,neurons
2202,GSM1772078014.37,neurons
2203,GSM1772092008.39,neurons
2204,GSM1772096127.22,neurons
2205,GSM1772075319.18,neurons
2206,GSM1772078018.40,neurons
2207,GSM1772096168.32,neurons
2208,GSM1772096102.20,neurons
2209,GSM1772078028.31,neurons
2210,GSM1772096128.25,neurons
2211,GSM1772096128.26,neurons
2212,GSM1772078023.20,neurons
2213,GSM1772075309.36,neurons
2214,GSM1772075310.39,neurons
2215,GSM1772078029.31,neurons
2216,GSM1772096140.34,neurons
2217,GSM1772078031.37,neurons
2218,GSM1772075305.44,neurons
2219,GSM1772096158.11,neurons
2220,GSM1772075309.37,neurons
2221,GSM1772078028.32,neurons
2222,GSM1772096168.33,neurons
2223,GSM1772084017.28,neurons
2224,GSM1772078018.41,neurons
2225,GSM1772096161.8,neurons
2226,GSM1772078018.42,neurons
2227,GSM1772092008.40,neurons
2228,GSM1772078028.33,neurons
2229,GSM1772092011.26,neurons
2230,GSM1772084021.31,neurons
2231,GSM1772078022.29,neurons
2232,GSM1772084014.20,neurons
2233,GSM1772096171.30,neurons
2234,GSM1772092012.43,neurons
2235,GSM1772096101.37,neurons
2236,GSM1772096103.45,neurons
2237,GSM1772092010.31,neurons
2238,GSM1772096099.35,neurons
2239,GSM1772084017.29,neurons
2240,GSM1772096172.30,neurons
2241,GSM1772096158.12,neurons
2242,GSM1772089188.20,neurons
2243,GSM1772096135.31,neurons
2244,GSM1772096141.45,neurons
2245,GSM1772075310.40,neurons
2246,GSM1772096139.26,neurons
2247,GSM1772075309.38,neurons
2248,GSM1772096168.34,neurons
2249,GSM1772058147.67,neurons
2250,GSM1772096161.9,neurons
2251,GSM1772096096.22,neurons
2252,GSM1772096171.31,neurons
2253,GSM1772084021.32,neurons
2254,GSM1772078029.32,neurons
2255,GSM1772058147.68,neurons
2256,GSM1772058147.69,neurons
2257,GSM1772096099.36,neurons
2258,GSM1772096128.27,neurons
2259,GSM1772096128.28,neurons
2260,GSM1772096145.27,neurons
2261,GSM1772078018.43,neurons
2262,GSM1772096127.23,neurons
2263,GSM1772092008.41,neurons
2264,GSM1772096168.35,neurons
2265,GSM1772089186.34,neurons
2266,GSM1772096101.38,neurons
2267,GSM1772058147.70,neurons
2268,GSM1772096128.29,neurons
2269,GSM1772096138.44,neurons
2270,GSM1772096128.30,neurons
2271,GSM1772084014.21,neurons
2272,GSM1772075310.41,neurons
2273,GSM1772078016.43,neurons
2274,GSM1772096126.32,neurons
2275,GSM1772096139.27,neurons
2276,GSM1772078029.33,neurons
2277,GSM1772078018.44,neurons
2278,GSM1772092011.27,neurons
2279,GSM1772096145.28,neurons
2280,GSM1772084017.30,neurons
2281,GSM1772078018.45,neurons
2282,GSM1772084017.31,neurons
2283,GSM1772078016.44,neurons
2284,GSM1772075305.45,neurons
2285,GSM1772078013.42,neurons
2286,GSM1772078014.38,neurons
2287,GSM1772078016.45,neurons
2288,GSM1772078016.46,neurons
2289,GSM1772089187.27,neurons
2290,GSM1772096132.48,neurons
2291,GSM1772096131.29,neurons
2292,GSM1772078031.38,neurons
2293,GSM1772096099.37,neurons
2294,GSM1772075310.42,neurons
2295,GSM1772078029.34,neurons
2296,GSM1772096165.28,neurons
2297,GSM1772096103.46,neurons
2298,GSM1772078022.30,neurons
2299,GSM1772058147.71,neurons
2300,GSM1772058147.72,neurons
2301,GSM1772078028.34,neurons
2302,GSM1772078029.35,neurons
2303,GSM1772078029.36,neurons
2304,GSM1772078030.46,neurons
2305,GSM1772078014.39,neurons
2306,GSM1772078018.46,neurons
2307,GSM1772078019.39,neurons
2308,GSM1772078022.31,neurons
2309,GSM1772092013.37,neurons
2310,GSM1772092008.42,neurons
2311,GSM1772092011.28,neurons
2312,GSM1772096161.10,neurons
2313,GSM1772096099.38,neurons
2314,GSM1772096100.44,neurons
2315,GSM1772096144.20,neurons
2316,GSM1772084017.32,neurons
2317,GSM1772096096.23,neurons
2318,GSM1772078014.40,neurons
2319,GSM1772096168.36,neurons
2320,GSM1772096135.32,neurons
2321,GSM1772075317.36,neurons
2322,GSM1772096171.32,neurons
2323,GSM1772092008.43,neurons
2324,GSM1772096099.39,neurons
2325,GSM1772096158.13,neurons
2326,GSM1772084014.22,neurons
2327,GSM1772058147.73,neurons
2328,GSM1772078031.39,neurons
2329,GSM1772058147.74,neurons
2330,GSM1772092005.26,neurons
2331,GSM1772096127.24,neurons
2332,GSM1772096162.35,neurons
2333,GSM1772096165.29,neurons
2334,GSM1772084020.17,neurons
2335,GSM1772096162.36,neurons
2336,GSM1772078031.40,neurons
2337,GSM1772092009.23,neurons
2338,GSM1772092011.29,neurons
2339,GSM1772096161.11,neurons
2340,GSM1772096138.45,neurons
2341,GSM1772096138.46,neurons
2342,GSM1772096171.33,neurons
2343,GSM1772084020.18,neurons
2344,GSM1772084021.33,neurons
2345,GSM1772084020.19,neurons
2346,GSM1772078023.21,neurons
2347,GSM1772078022.32,neurons
2348,GSM1772078023.22,neurons
2349,GSM1772096128.31,neurons
2350,GSM1772092005.27,neurons
2351,GSM1772092010.32,neurons
2352,GSM1772096100.45,neurons
2353,GSM1772096127.25,neurons
2354,GSM1772078023.23,neurons
2355,GSM1772084020.20,neurons
2356,GSM1772084017.33,neurons
2357,GSM1772092009.24,neurons
2358,GSM1772084017.34,neurons
2359,GSM1772075319.19,neurons
2360,GSM1772078028.35,neurons
2361,GSM1772075310.43,neurons
2362,GSM1772096161.12,neurons
2363,GSM1772078018.47,neurons
2364,GSM1772096127.26,neurons
2365,GSM1772078018.48,neurons
2366,GSM1772075309.39,neurons
2367,GSM1772092008.44,neurons
2368,GSM1772084017.35,neurons
2369,GSM1772078022.33,neurons
2370,GSM1772092009.25,neurons
2371,GSM1772084017.36,neurons
2372,GSM1772096099.40,neurons
2373,GSM1772096126.33,neurons
2374,GSM1772096135.33,neurons
2375,GSM1772092008.45,neurons
2376,GSM1772084021.34,neurons
2377,GSM1772078022.34,neurons
2378,GSM1772092008.46,neurons
2379,GSM1772084021.35,neurons
2380,GSM1772096172.31,neurons
2381,GSM1772078028.36,neurons
2382,GSM1772078022.35,neurons
2383,GSM1772075310.44,neurons
2384,GSM1772078022.36,neurons
2385,GSM1772058147.75,neurons
2386,GSM1772078017.45,neurons
2387,GSM1772075310.45,neurons
2388,GSM1772078028.37,neurons
2389,GSM1772078016.47,neurons
2390,GSM1772096126.34,neurons
2391,GSM1772075309.40,neurons
2392,GSM1772096158.14,neurons
2393,GSM1772078023.24,neurons
2394,GSM1772096099.41,neurons
2395,GSM1772078017.46,neurons
2396,GSM1772078022.37,neurons
2397,GSM1772096158.15,neurons
2398,GSM1772078017.47,neurons
2399,GSM1772075310.46,neurons
2400,GSM1772096126.35,neurons
2401,GSM1772084014.23,neurons
2402,GSM1772078013.43,neurons
2403,GSM1772096096.24,neurons
2404,GSM1772096136.42,neurons
2405,GSM1772096132.49,neurons
2406,GSM1772096128.32,neurons
2407,GSM1772096096.25,neurons
2408,GSM1772096127.27,neurons
2409,GSM1772096131.30,neurons
2410,GSM1772096162.37,neurons
2411,GSM1772078022.38,neurons
2412,GSM1772084020.21,neurons
2413,GSM1772084021.36,neurons
2414,GSM1772096133.33,neurons
2415,GSM1772096138.47,neurons
2416,GSM1772096138.48,neurons
2417,GSM1772096138.49,neurons
2418,GSM1772084020.22,neurons
2419,GSM1772078014.41,neurons
2420,GSM1772096138.50,neurons
2421,GSM1772096158.16,neurons
2422,GSM1772096168.37,neurons
2423,GSM1772075317.37,neurons
2424,GSM1772096103.47,neurons
2425,GSM1772096144.21,neurons
2426,GSM1772096131.31,neurons
2427,GSM1772078014.42,neurons
2428,GSM1772096141.46,neurons
2429,GSM1772096128.33,neurons
2430,GSM1772096145.29,neurons
2431,GSM1772084014.24,neurons
2432,GSM1772084017.37,neurons
2433,GSM1772075310.47,neurons
2434,GSM1772078030.47,neurons
2435,GSM1772078016.48,neurons
2436,GSM1772096161.13,neurons
2437,GSM1772096132.50,neurons
2438,GSM1772096171.34,neurons
2439,GSM1772078030.48,neurons
2440,GSM1772078014.43,neurons
2441,GSM1772078017.48,neurons
2442,GSM1772092005.28,neurons
2443,GSM1772096097.23,neurons
2444,GSM1772096097.24,neurons
2445,GSM1772089186.35,neurons
2446,GSM1772096102.21,neurons
2447,GSM1772084014.25,neurons
2448,GSM1772084017.38,neurons
2449,GSM1772075304.44,neurons
2450,GSM1772084014.26,neurons
2451,GSM1772075309.41,neurons
2452,GSM1772096128.34,neurons
2453,GSM1772084017.39,neurons
2454,GSM1772092005.29,neurons
2455,GSM1772096131.32,neurons
2456,GSM1772096128.35,neurons
2457,GSM1772075309.42,neurons
2458,GSM1772096171.35,neurons
2459,GSM1772084014.27,neurons
2460,GSM1772096128.36,neurons
2461,GSM1772078029.37,neurons
2462,GSM1772096145.30,neurons
2463,GSM1772096127.28,neurons
2464,GSM1772084021.37,neurons
2465,GSM1772084021.38,neurons
2466,GSM1772096128.37,neurons
2467,GSM1772084017.40,neurons
2468,GSM1772084021.39,neurons
2469,GSM1772096144.22,neurons
2470,GSM1772058147.76,neurons
2471,GSM1772078028.38,neurons
2472,GSM1772096128.38,neurons
2473,GSM1772096128.39,neurons
2474,GSM1772084021.40,neurons
2475,GSM1772084021.41,neurons
2476,GSM1772078016.49,neurons
2477,GSM1772058147.77,neurons
2478,GSM1772078029.38,neurons
2479,GSM1772075310.48,neurons
2480,GSM1772058147.78,neurons
2481,GSM1772078028.39,neurons
2482,GSM1772084021.42,neurons
2483,GSM1772096161.14,neurons
2484,GSM1772096127.29,neurons
2485,GSM1772092008.47,neurons
2486,GSM1772058147.79,neurons
2487,GSM1772078017.49,neurons
2488,GSM1772096127.30,neurons
2489,GSM1772075309.43,neurons
2490,GSM1772096126.36,neurons
2491,GSM1772092005.30,neurons
2492,GSM1772075317.38,neurons
2493,GSM1772078028.40,neurons
2494,GSM1772096168.38,neurons
2495,GSM1772078018.49,neurons
2496,GSM1772084017.41,neurons
2497,GSM1772078028.41,neurons
2498,GSM1772075305.46,neurons
2499,GSM1772075304.45,neurons
2500,GSM1772092005.31,neurons
2501,GSM1772075305.47,neurons
2502,GSM1772075310.49,neurons
2503,GSM1772092013.38,neurons
2504,GSM1772096128.40,neurons
2505,GSM1772075309.44,neurons
2506,GSM1772075319.20,neurons
2507,GSM1772075309.45,neurons
2508,GSM1772078028.42,neurons
2509,GSM1772096127.31,neurons
2510,GSM1772096158.17,neurons
2511,GSM1772092011.30,neurons
2512,GSM1772078017.50,neurons
2513,GSM1772058147.80,neurons
2514,GSM1772092013.39,neurons
2515,GSM1772078030.49,neurons
2516,GSM1772092012.44,neurons
2517,GSM1772075305.48,neurons
2518,GSM1772092008.48,neurons
2519,GSM1772084021.43,neurons
2520,GSM1772078023.25,neurons
2521,GSM1772096128.41,neurons
2522,GSM1772096168.39,neurons
2523,GSM1772096173.26,neurons
2524,GSM1772096135.34,neurons
2525,GSM1772092011.31,neurons
2526,GSM1772078016.50,neurons
2527,GSM1772078017.51,neurons
2528,GSM1772096158.18,neurons
2529,GSM1772084017.42,neurons
2530,GSM1772075305.49,neurons
2531,GSM1772078013.44,neurons
2532,GSM1772078017.52,neurons
2533,GSM1772096158.19,neurons
2534,GSM1772084014.28,neurons
2535,GSM1772075309.46,neurons
2536,GSM1772075317.39,neurons
2537,GSM1772075310.50,neurons
2538,GSM1772078014.44,neurons
2539,GSM1772078018.50,neurons
2540,GSM1772078023.26,neurons
2541,GSM1772089187.28,neurons
2542,GSM1772092005.32,neurons
2543,GSM1772096126.37,neurons
2544,GSM1772096101.39,neurons
2545,GSM1772096133.34,neurons
2546,GSM1772096171.36,neurons
2547,GSM1772084017.43,neurons
2548,GSM1772084021.44,neurons
2549,GSM1772078029.39,neurons
2550,GSM1772078029.40,neurons
2551,GSM1772078014.45,neurons
2552,GSM1772075317.40,neurons
2553,GSM1772092004.29,neurons
2554,GSM1772096127.32,neurons
2555,GSM1772096099.42,neurons
2556,GSM1772096138.51,neurons
2557,GSM1772096171.37,neurons
2558,GSM1772084021.45,neurons
2559,GSM1772078016.51,neurons
2560,GSM1772078016.52,neurons
2561,GSM1772078022.39,neurons
2562,GSM1772075304.46,neurons
2563,GSM1772078028.43,neurons
2564,GSM1772078017.53,neurons
2565,GSM1772078018.51,neurons
2566,GSM1772075317.41,neurons
2567,GSM1772078030.50,neurons
2568,GSM1772092005.33,neurons
2569,GSM1772096100.46,neurons
2570,GSM1772096101.40,neurons
2571,GSM1772084020.23,neurons
2572,GSM1772084021.46,neurons
2573,GSM1772084021.47,neurons
2574,GSM1772078014.46,neurons
2575,GSM1772092009.26,neurons
2576,GSM1772092011.32,neurons
2577,GSM1772096102.22,neurons
2578,GSM1772096172.32,neurons
2579,GSM1772078016.53,neurons
2580,GSM1772075310.51,neurons
2581,GSM1772096139.28,neurons
2582,GSM1772078018.52,neurons
2583,GSM1772078016.54,neurons
2584,GSM1772078014.47,neurons
2585,GSM1772096099.43,neurons
2586,GSM1772096145.31,neurons
2587,GSM1772084014.29,neurons
2588,GSM1772075309.47,neurons
2589,GSM1772092010.33,neurons
2590,GSM1772075304.47,neurons
2591,GSM1772096096.26,neurons
2592,GSM1772096132.51,neurons
2593,GSM1772075319.21,neurons
2594,GSM1772075319.22,neurons
2595,GSM1772075319.23,neurons
2596,GSM1772075319.24,neurons
2597,GSM1772075309.48,neurons
2598,GSM1772075319.25,neurons
2599,GSM1772092010.34,neurons
2600,GSM1772078017.54,neurons
2601,GSM1772092011.33,neurons
2602,GSM1772092011.34,neurons
2603,GSM1772096173.27,neurons
2604,GSM1772075319.26,neurons
2605,GSM1772075319.27,neurons
2606,GSM1772096144.23,neurons
2607,GSM1772096096.27,neurons
2608,GSM1772075319.28,neurons
2609,GSM1772096168.40,neurons
2610,GSM1772075310.52,neurons
2611,GSM1772096128.42,neurons
2612,GSM1772075319.29,neurons
2613,GSM1772096140.35,neurons
2614,GSM1772075310.53,neurons
2615,GSM1772075310.54,neurons
2616,GSM1772096132.52,neurons
2617,GSM1772084021.48,neurons
2618,GSM1772096132.53,neurons
2619,GSM1772075310.55,neurons
2620,GSM1772096096.28,neurons
2621,GSM1772096139.29,neurons
2622,GSM1772084020.24,neurons
2623,GSM1772078028.44,neurons
2624,GSM1772078018.53,neurons
2625,GSM1772075305.50,neurons
2626,GSM1772092012.45,neurons
2627,GSM1772078031.41,neurons
2628,GSM1772078028.45,neurons
2629,GSM1772078029.41,neurons
2630,GSM1772078028.46,neurons
2631,GSM1772096139.30,neurons
2632,GSM1772078031.42,neurons
2633,GSM1772058147.81,neurons
2634,GSM1772096168.41,neurons
2635,GSM1772078028.47,neurons
2636,GSM1772078018.54,neurons
2637,GSM1772096101.41,neurons
2638,GSM1772092008.49,neurons
2639,GSM1772058147.82,neurons
2640,GSM1772075319.30,neurons
2641,GSM1772078028.48,neurons
2642,GSM1772075317.42,neurons
2643,GSM1772075317.43,neurons
2644,GSM1772092005.34,neurons
2645,GSM1772084017.44,neurons
2646,GSM1772078028.49,neurons
2647,GSM1772089187.29,neurons
2648,GSM1772092005.35,neurons
2649,GSM1772096141.47,neurons
2650,GSM1772084017.45,neurons
2651,GSM1772089187.30,neurons
2652,GSM1772075310.56,neurons
2653,GSM1772078028.50,neurons
2654,GSM1772078013.45,neurons
2655,GSM1772078016.55,neurons
2656,GSM1772092012.46,neurons
2657,GSM1772096100.47,neurons
2658,GSM1772096162.38,neurons
2659,GSM1772096162.39,neurons
2660,GSM1772096165.30,neurons
2661,GSM1772096145.32,neurons
2662,GSM1772084017.46,neurons
2663,GSM1772096141.48,neurons
2664,GSM1772075309.49,neurons
2665,GSM1772096161.15,neurons
2666,GSM1772096132.54,neurons
2667,GSM1772075317.44,neurons
2668,GSM1772075310.57,neurons
2669,GSM1772075310.58,neurons
2670,GSM1772078029.42,neurons
2671,GSM1772078022.40,neurons
2672,GSM1772092011.35,neurons
2673,GSM1772096161.16,neurons
2674,GSM1772096100.48,neurons
2675,GSM1772096101.42,neurons
2676,GSM1772096101.43,neurons
2677,GSM1772096101.44,neurons
2678,GSM1772096134.28,neurons
2679,GSM1772096138.52,neurons
2680,GSM1772096144.24,neurons
2681,GSM1772096162.40,neurons
2682,GSM1772096171.38,neurons
2683,GSM1772096128.43,neurons
2684,GSM1772096175.12,neurons
2685,GSM1772089190.35,neurons
2686,GSM1772075309.50,neurons
2687,GSM1772084017.47,neurons
2688,GSM1772096136.43,neurons
2689,GSM1772078028.51,neurons
2690,GSM1772096165.31,neurons
2691,GSM1772084021.49,neurons
2692,GSM1772084021.50,neurons
2693,GSM1772096103.48,neurons
2694,GSM1772078028.52,neurons
2695,GSM1772078031.43,neurons
2696,GSM1772096161.17,neurons
2697,GSM1772096132.55,neurons
2698,GSM1772096138.53,neurons
2699,GSM1772096162.41,neurons
2700,GSM1772084017.48,neurons
2701,GSM1772096141.49,neurons
2702,GSM1772096162.42,neurons
2703,GSM1772096097.25,neurons
2704,GSM1772096099.44,neurons
2705,GSM1772096132.56,neurons
2706,GSM1772096138.54,neurons
2707,GSM1772096165.32,neurons
2708,GSM1772096103.49,neurons
2709,GSM1772096144.25,neurons
2710,GSM1772096144.26,neurons
2711,GSM1772075317.45,neurons
2712,GSM1772078030.51,neurons
2713,GSM1772096127.33,neurons
2714,GSM1772096097.26,neurons
2715,GSM1772096101.45,neurons
2716,GSM1772096134.29,neurons
2717,GSM1772096138.55,neurons
2718,GSM1772096144.27,neurons
2719,GSM1772078028.53,neurons
2720,GSM1772096099.45,neurons
2721,GSM1772096099.46,neurons
2722,GSM1772096135.35,neurons
2723,GSM1772096144.28,neurons
2724,GSM1772092005.36,neurons
2725,GSM1772092013.40,neurons
2726,GSM1772092009.27,neurons
2727,GSM1772096096.29,neurons
2728,GSM1772096144.29,neurons
2729,GSM1772096162.43,neurons
2730,GSM1772096128.44,neurons
2731,GSM1772084021.51,neurons
2732,GSM1772078023.27,neurons
2733,GSM1772092013.41,neurons
2734,GSM1772092008.50,neurons
2735,GSM1772092005.37,neurons
2736,GSM1772092005.38,neurons
2737,GSM1772096127.34,neurons
2738,GSM1772078031.44,neurons
2739,GSM1772078022.41,neurons
2740,GSM1772078023.28,neurons
2741,GSM1772096133.35,neurons
2742,GSM1772096131.33,neurons
2743,GSM1772089186.36,neurons
2744,GSM1772092005.39,neurons
2745,GSM1772096126.38,neurons
2746,GSM1772075310.59,neurons
2747,GSM1772078014.48,neurons
2748,GSM1772096140.36,neurons
2749,GSM1772075309.51,neurons
2750,GSM1772075310.60,neurons
2751,GSM1772078031.45,neurons
2752,GSM1772092005.40,neurons
2753,GSM1772096099.47,neurons
2754,GSM1772096162.44,neurons
2755,GSM1772084017.49,neurons
2756,GSM1772096102.23,neurons
2757,GSM1772084017.50,neurons
2758,GSM1772075305.51,neurons
2759,GSM1772092012.47,neurons
2760,GSM1772078017.55,neurons
2761,GSM1772078031.46,neurons
2762,GSM1772092011.36,neurons
2763,GSM1772078030.52,neurons
2764,GSM1772096138.56,neurons
2765,GSM1772092010.35,neurons
2766,GSM1772078023.29,neurons
2767,GSM1772078028.54,neurons
2768,GSM1772092011.37,neurons
2769,GSM1772096097.27,neurons
2770,GSM1772075304.48,neurons
2771,GSM1772078030.53,neurons
2772,GSM1772078016.56,neurons
2773,GSM1772096139.31,neurons
2774,GSM1772096168.42,neurons
2775,GSM1772078023.30,neurons
2776,GSM1772096127.35,neurons
2777,GSM1772078028.55,neurons
2778,GSM1772075305.52,neurons
2779,GSM1772078029.43,neurons
2780,GSM1772096132.57,neurons
2781,GSM1772078028.56,neurons
2782,GSM1772092010.36,neurons
2783,GSM1772092011.38,neurons
2784,GSM1772092005.41,neurons
2785,GSM1772078031.47,neurons
2786,GSM1772078031.48,neurons
2787,GSM1772078028.57,neurons
2788,GSM1772078031.49,neurons
2789,GSM1772096158.20,neurons
2790,GSM1772078028.58,neurons
2791,GSM1772078031.50,neurons
2792,GSM1772078017.56,neurons
2793,GSM1772096126.39,neurons
2794,GSM1772096162.45,neurons
2795,GSM1772096096.30,neurons
2796,GSM1772096135.36,neurons
2797,GSM1772096128.45,neurons
2798,GSM1772084017.51,neurons
2799,GSM1772075305.53,neurons
2800,GSM1772078017.57,neurons
2801,GSM1772096168.43,neurons
2802,GSM1772084021.52,neurons
2803,GSM1772075319.31,neurons
2804,GSM1772078022.42,neurons
2805,GSM1772092010.37,neurons
2806,GSM1772096168.44,neurons
2807,GSM1772096168.45,neurons
2808,GSM1772096128.46,neurons
2809,GSM1772078030.54,neurons
2810,GSM1772084017.52,neurons
2811,GSM1772096168.46,neurons
2812,GSM1772078023.31,neurons
2813,GSM1772078022.43,neurons
2814,GSM1772078022.44,neurons
2815,GSM1772078023.32,neurons
2816,GSM1772096131.34,neurons
2817,GSM1772096165.33,neurons
2818,GSM1772078016.57,neurons
2819,GSM1772078022.45,neurons
2820,GSM1772078023.33,neurons
2821,GSM1772096173.28,neurons
2822,GSM1772096139.32,neurons
2823,GSM1772075309.52,neurons
2824,GSM1772096132.58,neurons
2825,GSM1772084021.53,neurons
2826,GSM1772096168.47,neurons
2827,GSM1772096097.28,neurons
2828,GSM1772084020.25,neurons
2829,GSM1772096158.21,neurons
2830,GSM1772092004.30,neurons
2831,GSM1772096127.36,neurons
2832,GSM1772096096.31,neurons
2833,GSM1772096097.29,neurons
2834,GSM1772096099.48,neurons
2835,GSM1772096144.30,neurons
2836,GSM1772096162.46,neurons
2837,GSM1772096162.47,neurons
2838,GSM1772096172.33,neurons
2839,GSM1772075310.61,neurons
2840,GSM1772096101.46,neurons
2841,GSM1772096144.31,neurons
2842,GSM1772096144.32,neurons
2843,GSM1772075309.53,neurons
2844,GSM1772078028.59,neurons
2845,GSM1772078029.44,neurons
2846,GSM1772084017.53,neurons
2847,GSM1772075317.46,neurons
2848,GSM1772078014.49,neurons
2849,GSM1772078017.58,neurons
2850,GSM1772078018.55,neurons
2851,GSM1772096136.44,neurons
2852,GSM1772096140.37,neurons
2853,GSM1772078023.34,neurons
2854,GSM1772092010.38,neurons
2855,GSM1772096144.33,neurons
2856,GSM1772096162.48,neurons
2857,GSM1772096145.33,neurons
2858,GSM1772084021.54,neurons
2859,GSM1772078028.60,neurons
2860,GSM1772075319.32,neurons
2861,GSM1772096097.30,neurons
2862,GSM1772096097.31,neurons
2863,GSM1772096103.50,neurons
2864,GSM1772096103.51,neurons
2865,GSM1772096140.38,neurons
2866,GSM1772096165.34,neurons
2867,GSM1772096165.35,neurons
2868,GSM1772096128.47,neurons
2869,GSM1772096096.32,neurons
2870,GSM1772096128.48,neurons
2871,GSM1772096144.34,neurons
2872,GSM1772096165.36,neurons
2873,GSM1772096145.34,neurons
2874,GSM1772096168.48,neurons
2875,GSM1772096103.52,neurons
2876,GSM1772078030.55,neurons
2877,GSM1772092005.42,neurons
2878,GSM1772096133.36,neurons
2879,GSM1772096144.35,neurons
2880,GSM1772096144.36,neurons
2881,GSM1772078016.58,neurons
