GSM_ID,label
GSM2612539,EC3
GSM2612540,EC3
GSM2612541,EC3
GSM2612542,EC3
GSM2612543,EC3
GSM2612544,EC3
GSM2612545,EC3
GSM2612546,EC3
GSM2612547,EC3
GSM2612548,EC3
GSM2612549,EC3
GSM2612550,EC3
GSM2612551,EC3
GSM2612552,EC3
GSM2612553,EC3
GSM2612554,EC3
GSM2612555,EC3
GSM2612556,EC3
GSM2612557,EC3
GSM2612558,EC3
GSM2612559,EC3
GSM2612560,EC3
GSM2612561,EC3
GSM2612562,EC3
GSM2612563,EC3
GSM2612564,EC3
GSM2612565,EC3
GSM2612566,EC3
GSM2612567,EC3
GSM2612568,EC3
GSM2612569,EC3
GSM2612570,EC3
GSM2612571,EC3
GSM2612572,EC3
GSM2612573,EC3
GSM2612574,EC3
GSM2612575,EC3
GSM2612576,EC3
GSM2612577,EC3
GSM2612578,EC3
GSM2612579,EC3
GSM2612580,EC3
GSM2612581,EC3
GSM2612582,EC3
GSM2612583,EC3
GSM2612584,EC3
GSM2612585,EC3
GSM2612586,EC3
GSM2612587,EC3
GSM2612588,EC3
GSM2612589,EC3
GSM2612590,EC3
GSM2612591,EC3
GSM2612592,EC3
GSM2612593,EC3
GSM2612594,EC3
GSM2612595,EC3
GSM2612596,EC3
GSM2612597,EC3
GSM2612598,EC3
GSM2612599,EC3
GSM2612600,EC3
GSM2612601,EC3
GSM2612602,EC3
GSM2612603,EC3
GSM2612604,EC3
GSM2612605,EC3
GSM2612606,EC3
GSM2612607,EC3
GSM2612608,EC3
GSM2612609,EC3
GSM2612610,EC3
GSM2612611,EC3
GSM2612612,EC3
GSM2612613,EC3
GSM2612614,EC3
GSM2612615,EC3
GSM2612616,EC3
GSM2612617,EC3
GSM2612618,EC3
GSM2612619,EC3
GSM2612620,EC3
GSM2612621,EC3
GSM2612622,EC3
GSM2612623,EC3
GSM2612624,EC3
GSM2612625,EC3
GSM2612626,EC3
GSM2612627,EC3
GSM2612628,EC3
GSM2612629,EC3
GSM2612630,EC3
GSM2612631,EC3
GSM2612632,EC3
GSM2612633,EC3
GSM2612634,EC3
GSM2612635,EC3
GSM2612636,EC3
GSM2612637,EC3
GSM2612638,EC3
GSM2612639,EC3
GSM2612640,EC3
GSM2612641,EC3
GSM2612642,EC3
GSM2612643,EC3
GSM2612644,EC3
GSM2612645,EC3
GSM2612646,EC3
GSM2612647,EC3
GSM2612648,EC3
GSM2612649,EC3
GSM2612650,EC3
GSM2612651,EC3
GSM2612652,EC3
GSM2612653,EC3
GSM2612654,EC3
GSM2612655,EC3
GSM2612656,EC3
GSM2612657,EC3
GSM2612658,EC3
GSM2612659,EC3
GSM2612660,EC3
GSM2612661,EC3
GSM2612662,EC3
GSM2612663,EC3
GSM2612664,EC3
GSM2612665,EC3
GSM2612666,EC3
GSM2612667,EC3
GSM2612668,EC3
GSM2612669,EC3
GSM2612670,EC3
GSM2612671,EC3
GSM2612672,EC3
GSM2612673,EC3
GSM2612674,EC3
GSM2612675,EC3
GSM2612676,EC3
GSM2612677,EC3
GSM2612678,EC3
GSM2612679,EC3
GSM2612680,EC3
GSM2612681,EC3
GSM2612682,EC3
GSM2612683,EC3
GSM2612684,EC3
GSM2612685,EC3
GSM2612686,EC3
GSM2612687,EC3
GSM2612688,EC3
GSM2612689,EC3
GSM2612690,EC3
GSM2612691,EC3
GSM2612692,EC3
GSM2612693,EC3
GSM2612694,EC3
GSM2612695,EC3
GSM2612696,EC3
GSM2612697,EC3
GSM2612698,EC3
GSM2612699,EC3
GSM2612700,EC3
GSM2612701,EC3
GSM2612702,EC3
GSM2612703,EC3
GSM2612704,EC3
GSM2612705,EC3
GSM2612706,EC3
GSM2612707,EC3
GSM2612708,EC3
GSM2612709,EC3
GSM2612710,EC3
GSM2612711,EC3
GSM2612712,EC3
GSM2612713,EC3
GSM2612714,EC3
GSM2612715,EC3
GSM2612716,EC3
GSM2612717,EC3
GSM2612718,EC3
GSM2612719,EC3
GSM2612720,EC3
GSM2612721,EC3
GSM2612722,EC3
GSM2612723,EC3
GSM2612724,EC3
GSM2612725,EC3
GSM2612726,EC3
GSM2612727,EC3
GSM2612728,EC3
GSM2612729,EC3
GSM2612730,EC3
GSM2612731,EC3
GSM2612732,EC3
GSM2612733,EC3
GSM2612734,EC3
GSM2612735,EC3
GSM2612736,EC3
GSM2612737,EC3
GSM2612738,EC3
GSM2612739,EC3
GSM2612740,EC3
GSM2612741,EC3
GSM2612742,EC3
GSM2612743,EC3
GSM2612744,EC3
GSM2612745,EC3
GSM2612746,EC3
GSM2612747,EC3
GSM2612748,EC3
GSM2612749,EC3
GSM2612750,EC3
GSM2612751,EC3
GSM2612752,EC3
GSM2612753,EC3
GSM2612754,EC3
GSM2612755,EC3
GSM2612756,EC3
GSM2612757,EC3
GSM2612758,EC3
GSM2612759,EC3
GSM2612760,EC3
GSM2612761,EC3
GSM2612762,EC3
GSM2612763,EC3
GSM2612764,EC3
GSM2612765,EC3
GSM2612766,EC3
GSM2612767,EC3
GSM2612768,EC3
GSM2612769,EC3
GSM2612770,EC3
GSM2612771,EC3
GSM2612772,EC3
GSM2612773,EC3
GSM2612774,EC3
GSM2612775,EC3
GSM2612776,EC3
GSM2612777,EC3
GSM2612778,EC3
GSM2612779,EC3
GSM2612780,EC3
GSM2612781,EC3
GSM2612782,EC3
GSM2612783,EC3
GSM2612784,EC3
GSM2612785,EC3
GSM2612786,EC3
GSM2612787,EC3
GSM2612788,EC3
GSM2612789,EC3
GSM2612790,EC3
GSM2612791,EC3
GSM2612792,EC3
GSM2612793,EC3
GSM2612794,EC3
GSM2612795,EC3
GSM2612796,EC3
GSM2612797,EC3
GSM2612798,EC3
GSM2612799,EC3
GSM2612800,EC3
GSM2612801,EC3
GSM2612802,EC3
GSM2612803,EC3
GSM2612804,EC3
GSM2612805,EC3
GSM2612806,EC3
GSM2612807,EC3
GSM2612808,EC3
GSM2612809,EC3
GSM2612810,EC3
GSM2612811,EC3
GSM2612812,EC3
GSM2612813,EC3
GSM2612814,EC3
GSM2612815,EC3
GSM2612816,EC3
GSM2612817,EC3
GSM2612818,EC3
GSM2612819,EC3
GSM2612820,EC3
GSM2612821,EC3
GSM2612822,EC3
GSM2612823,EC3
GSM2612824,EC3
GSM2612825,EC3
GSM2612826,EC3
GSM2612827,EC3
GSM2612828,EC3
GSM2612829,EC3
GSM2612830,EC3
GSM2612831,EC3
GSM2612832,EC3
GSM2612833,EC3
GSM2612834,EC3
GSM2612835,EC3
GSM2612836,EC3
GSM2612837,EC3
GSM2612838,EC3
GSM2612839,EC3
GSM2612840,EC3
GSM2612841,EC3
GSM2612842,EC3
GSM2612843,EC3
GSM2612844,EC3
GSM2612845,EC3
GSM2612846,EC3
GSM2612847,EC3
GSM2612848,EC3
GSM2612849,EC3
GSM2612850,EC3
GSM2612851,EC3
GSM2612852,EC3
GSM2612853,EC3
GSM2612854,EC3
GSM2612855,EC3
GSM2612856,EC3
GSM2612857,EC3
GSM2612858,EC3
GSM2612859,EC3
GSM2612860,EC3
GSM2612861,EC3
GSM2612862,EC3
GSM2612863,EC3
GSM2612864,EC3
GSM2612865,EC3
GSM2612866,EC3
GSM2612867,EC3
GSM2612868,EC3
GSM2612869,EC3
GSM2612870,EC3
GSM2612871,EC3
GSM2612872,EC3
GSM2612873,EC3
GSM2612874,EC3
GSM2612875,EC3
GSM2612876,EC3
GSM2612877,EC3
GSM2612878,EC3
GSM2612879,EC3
GSM2612880,EC3
GSM2612881,EC3
GSM2612882,EC3
GSM2612883,EC3
GSM2612884,EC3
GSM2612885,EC3
GSM2612886,EC3
GSM2612887,EC3
GSM2612888,EC3
GSM2612889,EC3
GSM2612890,EC3
GSM2612891,EC3
GSM2612892,EC3
GSM2612893,EC3
GSM2612894,EC3
GSM2612895,EC3
GSM2612896,EC3
GSM2612897,EC3
GSM2612898,EC3
GSM2612899,EC3
GSM2612900,EC4
GSM2612901,EC4
GSM2612902,EC4
GSM2612903,EC4
GSM2612904,EC4
GSM2612905,EC4
GSM2612906,EC4
GSM2612907,EC4
GSM2612908,EC4
GSM2612909,EC4
GSM2612910,EC4
GSM2612911,EC4
GSM2612912,EC4
GSM2612913,EC4
GSM2612914,EC4
GSM2612915,EC4
GSM2612916,EC4
GSM2612917,EC4
GSM2612918,EC4
GSM2612919,EC4
GSM2612920,EC4
GSM2612921,EC4
GSM2612922,EC4
GSM2612923,EC4
GSM2612924,EC4
GSM2612925,EC4
GSM2612926,EC4
GSM2612927,EC4
GSM2612928,EC4
GSM2612929,EC4
GSM2612930,EC4
GSM2612931,EC4
GSM2612932,EC4
GSM2612933,EC4
GSM2612934,EC4
GSM2612935,EC4
GSM2612936,EC4
GSM2612937,EC4
GSM2612938,EC4
GSM2612939,EC4
GSM2612940,EC4
GSM2612941,EC4
GSM2612942,EC4
GSM2612943,EC4
GSM2612944,EC4
GSM2612945,EC4
GSM2612946,EC4
GSM2612947,EC4
GSM2612948,EC4
GSM2612949,EC4
GSM2612950,EC4
GSM2612951,EC4
GSM2612952,EC4
GSM2612953,EC4
GSM2612954,EC4
GSM2612955,EC4
GSM2612956,EC4
GSM2612957,EC4
GSM2612958,EC4
GSM2612959,EC4
GSM2612960,EC4
GSM2612961,EC4
GSM2612962,EC4
GSM2612963,EC4
GSM2612964,EC4
GSM2612965,EC4
GSM2612966,EC4
GSM2612967,EC4
GSM2612968,EC4
GSM2612969,EC4
GSM2612970,EC4
GSM2612971,EC4
GSM2612972,EC4
GSM2612973,EC4
GSM2612974,EC4
GSM2612975,EC4
GSM2612976,EC4
GSM2612977,EC4
GSM2612978,EC4
GSM2612979,EC4
GSM2612980,EC4
GSM2612981,EC4
GSM2612982,EC4
GSM2612983,EC4
GSM2612984,EC4
GSM2612985,EC4
GSM2612986,EC4
GSM2612987,EC4
GSM2612988,EC4
GSM2612989,EC4
GSM2612990,EC4
GSM2612991,EC4
GSM2612992,EC4
GSM2612993,EC4
GSM2612994,EC4
GSM2612995,EC4
GSM2612996,EC4
GSM2612997,EC4
GSM2612998,EC4
GSM2612999,EC4
GSM2613000,EC4
GSM2613001,EC4
GSM2613002,EC4
GSM2613003,EC4
GSM2613004,EC4
GSM2613005,EC4
GSM2613006,EC4
GSM2613007,EC4
GSM2613008,EC4
GSM2613009,EC4
GSM2613010,EC4
GSM2613011,EC4
GSM2613012,EC4
GSM2613013,EC4
GSM2613014,EC4
GSM2613015,EC4
GSM2613016,EC4
GSM2613017,EC4
GSM2613018,EC4
GSM2613019,EC4
GSM2613020,EC4
GSM2613021,EC4
GSM2613022,EC4
GSM2613023,EC4
GSM2613024,EC4
GSM2613025,EC4
GSM2613026,EC4
GSM2613027,EC4
GSM2613028,EC4
GSM2613029,EC4
GSM2613030,EC4
GSM2613031,EC4
GSM2613032,EC4
GSM2613033,EC4
GSM2613034,EC4
GSM2613035,EC4
GSM2613036,EC4
GSM2613037,EC4
GSM2613038,EC4
GSM2613039,EC4
GSM2613040,EC4
GSM2613041,EC4
GSM2613042,EC4
GSM2613043,EC4
GSM2613044,EC4
GSM2613045,EC4
GSM2613046,EC4
GSM2613047,EC4
GSM2613048,EC4
GSM2613049,EC4
GSM2613050,EC4
GSM2613051,EC4
GSM2613052,EC4
GSM2613053,EC4
GSM2613054,EC4
GSM2613055,EC4
GSM2613056,EC4
GSM2613057,EC4
GSM2613058,EC4
GSM2613059,EC4
GSM2613060,EC4
GSM2613061,EC4
GSM2613062,EC4
GSM2613063,EC4
GSM2613064,EC4
GSM2613065,EC4
GSM2613066,EC4
GSM2613067,EC4
GSM2613068,EC4
GSM2613069,EC4
GSM2613070,EC4
GSM2613071,EC4
GSM2613072,EC4
GSM2613073,EC4
GSM2613074,EC4
GSM2613075,EC4
GSM2613076,EC4
GSM2613077,EC4
GSM2613078,EC4
GSM2613079,EC4
GSM2613080,EC4
GSM2613081,EC4
GSM2613082,EC4
GSM2613083,EC4
GSM2613084,EC4
GSM2613085,EC4
GSM2613086,EC4
GSM2613087,EC4
GSM2613088,EC4
GSM2613089,EC4
GSM2613090,EC4
GSM2613091,EC4
GSM2613092,EC4
GSM2613093,EC4
GSM2613094,EC4
GSM2613095,EC4
GSM2613096,EC4
GSM2613097,EC4
GSM2613098,EC4
GSM2613099,EC4
GSM2613100,EC4
GSM2613101,EC4
GSM2613102,EC4
GSM2613103,EC4
GSM2613104,EC4
GSM2613105,EC4
GSM2613106,EC4
GSM2613107,EC4
GSM2613108,EC4
GSM2613109,EC4
GSM2613110,EC4
GSM2613111,EC4
GSM2613112,EC4
GSM2613113,EC4
GSM2613114,EC4
GSM2613115,EC4
GSM2613116,EC4
GSM2613117,EC4
GSM2613118,EC4
GSM2613119,EC4
GSM2613120,EC4
GSM2613121,EC4
GSM2613122,EC4
GSM2613123,EC4
GSM2613124,EC4
GSM2613125,EC4
GSM2613126,EC4
GSM2613127,EC4
GSM2613128,EC4
GSM2613129,EC4
GSM2613130,EC4
GSM2613131,EC4
GSM2613132,EC4
GSM2613133,EC4
GSM2613134,EC4
GSM2613135,EC4
GSM2613136,EC4
GSM2613137,EC4
GSM2613138,EC4
GSM2613139,EC4
GSM2613140,EC4
GSM2613141,EC4
GSM2613142,EC4
GSM2613143,EC4
GSM2613144,EC4
GSM2613145,EC4
GSM2613146,EC4
GSM2613147,EC4
GSM2613148,EC4
GSM2613149,EC4
GSM2613150,EC4
GSM2613151,EC4
GSM2613152,EC4
GSM2613153,EC4
GSM2613154,EC4
GSM2613155,EC4
GSM2613156,EC4
GSM2613157,EC4
GSM2613158,EC4
GSM2613159,EC4
GSM2613160,EC4
GSM2613161,EC4
GSM2613162,EC4
GSM2613163,EC4
GSM2613164,EC4
GSM2613165,EC4
GSM2613166,EC4
GSM2613167,EC4
GSM2613168,EC4
GSM2613169,EC4
GSM2613170,EC4
GSM2613171,EC4
GSM2613172,EC4
GSM2613173,EC4
GSM2613174,EC4
GSM2613175,EC4
GSM2613176,EC4
GSM2613177,EC4
GSM2613178,EC4
GSM2613179,EC4
GSM2613180,EC4
GSM2613181,EC4
GSM2613182,EC4
GSM2613183,EC4
GSM2613184,EC4
GSM2613185,EC4
GSM2613186,EC4
GSM2613187,EC4
GSM2613188,EC4
GSM2613189,EC4
GSM2613190,EC4
GSM2613191,EC4
GSM2613192,EC4
GSM2613193,EC4
GSM2613194,EC4
GSM2613195,EC4
GSM2613196,EC4
GSM2613197,EC4
GSM2613198,EC4
GSM2613199,EC4
GSM2613200,EC4
GSM2613201,EC4
GSM2613202,EC4
GSM2613203,EC4
GSM2613204,EC4
GSM2613205,EC4
GSM2613206,EC4
GSM2613207,EC4
GSM2613208,EC4
GSM2613209,EC4
GSM2613210,EC4
GSM2613211,EC4
GSM2613212,EC4
GSM2613213,EC4
GSM2613214,EC4
GSM2613215,EC4
GSM2613216,EC4
GSM2613217,EC4
GSM2613218,EC4
GSM2613219,EC4
GSM2613220,EC4
GSM2613221,EC4
GSM2613222,EC4
GSM2613223,EC4
GSM2613224,EC4
GSM2613225,EC4
GSM2613226,EC4
GSM2613227,EC4
GSM2613228,EC4
GSM2613229,EC4
GSM2613230,EC4
GSM2613231,EC4
GSM2613232,EC4
GSM2613233,EC4
GSM2613234,EC4
GSM2613235,EC4
GSM2613236,EC4
GSM2613237,EC4
GSM2613238,EC4
GSM2613239,EC4
GSM2613240,EC4
GSM2613241,EC4
GSM2613242,EC4
GSM2613243,EC4
GSM2613244,EC4
GSM2613245,EC4
GSM2613246,EC4
GSM2613247,EC4
GSM2613248,EC4
GSM2613249,EC4
GSM2613250,EC4
GSM2613251,EC4
GSM2613252,EC4
GSM2613253,EC4
GSM2613254,EC4
GSM2613255,EC4
GSM2613256,EC4
GSM2613257,EC4
GSM2613258,EC4
GSM2613259,EC5
GSM2613260,EC5
GSM2613261,EC5
GSM2613262,EC5
GSM2613263,EC5
GSM2613264,EC5
GSM2613265,EC5
GSM2613266,EC5
GSM2613267,EC5
GSM2613268,EC5
GSM2613269,EC5
GSM2613270,EC5
GSM2613271,EC5
GSM2613272,EC5
GSM2613273,EC5
GSM2613274,EC5
GSM2613275,EC5
GSM2613276,EC5
GSM2613277,EC5
GSM2613278,EC5
GSM2613279,EC5
GSM2613280,EC5
GSM2613281,EC5
GSM2613282,EC5
GSM2613283,EC5
GSM2613284,EC5
GSM2613285,EC5
GSM2613286,EC5
GSM2613287,EC5
GSM2613288,EC5
GSM2613289,EC5
GSM2613290,EC5
GSM2613291,EC5
GSM2613292,EC5
GSM2613293,EC5
GSM2613294,EC5
GSM2613295,EC5
GSM2613296,EC5
GSM2613297,EC5
GSM2613298,EC5
GSM2613299,EC5
GSM2613300,EC5
GSM2613301,EC5
GSM2613302,EC5
GSM2613303,EC5
GSM2613304,EC5
GSM2613305,EC5
GSM2613306,EC5
GSM2613307,EC5
GSM2613308,EC5
GSM2613309,EC5
GSM2613310,EC5
GSM2613311,EC5
GSM2613312,EC5
GSM2613313,EC5
GSM2613314,EC5
GSM2613315,EC5
GSM2613316,EC5
GSM2613317,EC5
GSM2613318,EC5
GSM2613319,EC5
GSM2613320,EC5
GSM2613321,EC5
GSM2613322,EC5
GSM2613323,EC5
GSM2613324,EC5
GSM2613325,EC5
GSM2613326,EC5
GSM2613327,EC5
GSM2613328,EC5
GSM2613329,EC5
GSM2613330,EC5
GSM2613331,EC5
GSM2613332,EC5
GSM2613333,EC5
GSM2613334,EC5
GSM2613335,EC5
GSM2613336,EC5
GSM2613337,EC5
GSM2613338,EC5
GSM2613339,EC5
GSM2613340,EC5
GSM2613341,EC5
GSM2613342,EC5
GSM2613343,EC5
GSM2613344,EC5
GSM2613345,EC5
GSM2613346,EC5
GSM2613347,EC5
GSM2613348,EC5
GSM2613349,EC5
GSM2613350,EC5
GSM2613351,EC5
GSM2613352,EC5
GSM2613353,EC5
GSM2613354,EC5
GSM2613355,EC5
GSM2613356,EC5
GSM2613357,EC5
GSM2613358,EC5
GSM2613359,EC5
GSM2613360,EC5
GSM2613361,EC5
GSM2613362,EC5
GSM2613363,EC5
GSM2613364,EC5
GSM2613365,EC5
GSM2613366,EC5
GSM2613367,EC5
GSM2613368,EC5
GSM2613369,EC5
GSM2613370,EC5
GSM2613371,EC5
GSM2613372,EC5
GSM2613373,EC5
GSM2613374,EC5
GSM2613375,EC5
GSM2613376,EC5
GSM2613377,EC5
GSM2613378,EC5
GSM2613379,EC5
GSM2613380,EC5
GSM2613381,EC5
GSM2613382,EC5
GSM2613383,EC5
GSM2613384,EC5
GSM2613385,EC5
GSM2613386,EC5
GSM2613387,EC5
GSM2613388,EC5
GSM2613389,EC5
GSM2613390,EC5
GSM2613391,EC5
GSM2613392,EC5
GSM2613393,EC5
GSM2613394,EC5
GSM2613395,EC5
GSM2613396,EC5
GSM2613397,EC5
GSM2613398,EC5
GSM2613399,EC5
GSM2613400,EC5
GSM2613401,EC5
GSM2613402,EC5
GSM2613403,EC5
GSM2613404,EC5
GSM2613405,EC5
GSM2613406,EC5
GSM2613407,EC5
GSM2613408,EC5
GSM2613409,EC5
GSM2613410,EC5
GSM2613411,EC5
GSM2613412,EC5
GSM2613413,EC5
GSM2613414,EC5
GSM2613415,EC5
GSM2613416,EC5
GSM2613417,EC5
GSM2613418,EC5
GSM2613419,EC5
GSM2613420,EC5
GSM2613421,EC5
GSM2613422,EC5
GSM2613423,EC5
GSM2613424,EC5
GSM2613425,EC5
GSM2613426,EC5
GSM2613427,EC5
GSM2613428,EC5
GSM2613429,EC5
GSM2613430,EC5
GSM2613431,EC5
GSM2613432,EC5
GSM2613433,EC5
GSM2613434,EC5
GSM2613435,EC5
GSM2613436,EC5
GSM2613437,EC5
GSM2613438,EC5
GSM2613439,EC5
GSM2613440,EC5
GSM2613441,EC5
GSM2613442,EC5
GSM2613443,EC5
GSM2613444,EC5
GSM2613445,EC5
GSM2613446,EC5
GSM2613447,EC5
GSM2613448,EC5
GSM2613449,EC5
GSM2613450,EC5
GSM2613451,EC5
GSM2613452,EC5
GSM2613453,EC5
GSM2613454,EC5
GSM2613455,EC5
GSM2613456,EC5
GSM2613457,EC5
GSM2613458,EC5
GSM2613459,EC5
GSM2613460,EC5
GSM2613461,EC5
GSM2613462,EC5
GSM2613463,EC5
GSM2613464,EC5
GSM2613465,EC5
GSM2613466,EC5
GSM2613467,EC5
GSM2613468,EC5
GSM2613469,EC5
GSM2613470,EC5
GSM2613471,EC5
GSM2613472,EC5
GSM2613473,EC5
GSM2613474,EC5
GSM2613475,EC5
GSM2613476,EC5
GSM2613477,EC5
GSM2613478,EC5
GSM2613479,EC5
GSM2613480,EC5
GSM2613481,EC5
GSM2613482,EC5
GSM2613483,EC5
GSM2613484,EC5
GSM2613485,EC5
GSM2613486,EC5
GSM2613487,EC5
GSM2613488,EC5
GSM2613489,EC5
GSM2613490,EC5
GSM2613491,EC5
GSM2613492,EC5
GSM2613493,EC5
GSM2613494,EC5
GSM2613495,EC5
GSM2613496,EC5
GSM2613497,EC5
GSM2613498,EC5
GSM2613499,EC5
GSM2613500,EC5
GSM2613501,EC5
GSM2613502,EC5
GSM2613503,EC5
GSM2613504,EC5
GSM2613505,EC5
GSM2613506,EC5
GSM2613507,EC5
GSM2613508,EC5
GSM2613509,EC5
GSM2613510,EC5
GSM2613511,EC5
GSM2613512,EC5
GSM2613513,EC5
GSM2613514,EC5
GSM2613515,EC5
GSM2613516,EC5
GSM2613517,EC5
GSM2613518,EC5
GSM2613519,EC5
GSM2613520,EC5
GSM2613521,EC5
GSM2613522,EC5
GSM2613523,EC5
GSM2613524,EC5
GSM2613525,EC5
GSM2613526,EC5
GSM2613527,EC5
GSM2613528,EC5
GSM2613529,EC5
GSM2613530,EC5
GSM2613531,EC5
GSM2613532,EC5
GSM2613533,EC5
GSM2613534,EC5
GSM2613535,EC5
GSM2613536,EC5
GSM2613537,EC5
GSM2613538,EC5
GSM2613539,EC5
GSM2613540,EC5
GSM2613541,EC5
GSM2613542,EC5
GSM2613543,EC5
GSM2613544,EC5
GSM2613545,EC5
GSM2613546,EC5
GSM2613547,EC5
GSM2613548,EC5
GSM2613549,EC5
GSM2613550,EC5
GSM2613551,EC5
GSM2613552,EC5
GSM2613553,EC5
GSM2613554,EC5
GSM2613555,EC5
GSM2613556,EC5
GSM2613557,EC5
GSM2613558,EC5
GSM2613559,EC5
GSM2613560,EC5
GSM2613561,EC5
GSM2613562,EC5
GSM2613563,EC5
GSM2613564,EC5
GSM2613565,EC5
GSM2613566,EC5
GSM2613567,EC5
GSM2613568,EC5
GSM2613569,EC5
GSM2613570,EC5
GSM2613571,EC5
GSM2613572,EC5
GSM2613573,EC5
GSM2613574,EC5
GSM2613575,EC5
GSM2613576,EC5
GSM2613577,EC5
GSM2613578,EC5
GSM2613579,EC5
GSM2613580,EC5
GSM2613581,EC5
GSM2613582,EC5
GSM2613583,EC5
GSM2613584,EC5
GSM2613585,EC5
GSM2613586,EC5
GSM2613587,EC5
GSM2613588,EC5
GSM2613589,EC5
GSM2613590,EC5
GSM2613591,EC5
GSM2613592,EC5
GSM2613593,EC5
GSM2613594,EC5
GSM2613595,EC5
GSM2613596,EC5
GSM2613597,EC5
GSM2613598,EC5
GSM2613599,EC5
GSM2613600,EC5
GSM2613601,EC5
GSM2613602,EC5
GSM2613603,EC5
GSM2613604,EC5
GSM2613605,EC5
GSM2613606,EC5
GSM2613607,EC5
GSM2613608,EC5
GSM2613609,EC5
GSM2613610,EC5
GSM2613611,EC5
GSM2613612,EC5
GSM2613613,EC5
GSM2613614,EC5
GSM2613615,EC5
GSM2613616,EC5
GSM2613617,EC5
GSM2613618,EC5
GSM2613619,EC5
GSM2613620,EC6
GSM2613621,EC6
GSM2613622,EC6
GSM2613623,EC6
GSM2613624,EC6
GSM2613625,EC6
GSM2613626,EC6
GSM2613627,EC6
GSM2613628,EC6
GSM2613629,EC6
GSM2613630,EC6
GSM2613631,EC6
GSM2613632,EC6
GSM2613633,EC6
GSM2613634,EC6
GSM2613635,EC6
GSM2613636,EC6
GSM2613637,EC6
GSM2613638,EC6
GSM2613639,EC6
GSM2613640,EC6
GSM2613641,EC6
GSM2613642,EC6
GSM2613643,EC6
GSM2613644,EC6
GSM2613645,EC6
GSM2613646,EC6
GSM2613647,EC6
GSM2613648,EC6
GSM2613649,EC6
GSM2613650,EC6
GSM2613651,EC6
GSM2613652,EC6
GSM2613653,EC6
GSM2613654,EC6
GSM2613655,EC6
GSM2613656,EC6
GSM2613657,EC6
GSM2613658,EC6
GSM2613659,EC6
GSM2613660,EC6
GSM2613661,EC6
GSM2613662,EC6
GSM2613663,EC6
GSM2613664,EC6
GSM2613665,EC6
GSM2613666,EC6
GSM2613667,EC6
GSM2613668,EC6
GSM2613669,EC6
GSM2613670,EC6
GSM2613671,EC6
GSM2613672,EC6
GSM2613673,EC6
GSM2613674,EC6
GSM2613675,EC6
GSM2613676,EC6
GSM2613677,EC6
GSM2613678,EC6
GSM2613679,EC6
GSM2613680,EC6
GSM2613681,EC6
GSM2613682,EC6
GSM2613683,EC6
GSM2613684,EC6
GSM2613685,EC6
GSM2613686,EC6
GSM2613687,EC6
GSM2613688,EC6
GSM2613689,EC6
GSM2613690,EC6
GSM2613691,EC6
GSM2613692,EC6
GSM2613693,EC6
GSM2613694,EC6
GSM2613695,EC6
GSM2613696,EC6
GSM2613697,EC6
GSM2613698,EC6
GSM2613699,EC6
GSM2613700,EC6
GSM2613701,EC6
GSM2613702,EC6
GSM2613703,EC6
GSM2613704,EC6
GSM2613705,EC6
GSM2613706,EC6
GSM2613707,EC6
GSM2613708,EC6
GSM2613709,EC6
GSM2613710,EC6
GSM2613711,EC6
GSM2613712,EC6
GSM2613713,EC6
GSM2613714,EC6
GSM2613715,EC6
GSM2613716,EC6
GSM2613717,EC6
GSM2613718,EC6
GSM2613719,EC6
GSM2613720,EC6
GSM2613721,EC6
GSM2613722,EC6
GSM2613723,EC6
GSM2613724,EC6
GSM2613725,EC6
GSM2613726,EC6
GSM2613727,EC6
GSM2613728,EC6
GSM2613729,EC6
GSM2613730,EC6
GSM2613731,EC6
GSM2613732,EC6
GSM2613733,EC6
GSM2613734,EC6
GSM2613735,EC6
GSM2613736,EC6
GSM2613737,EC6
GSM2613738,EC6
GSM2613739,EC6
GSM2613740,EC6
GSM2613741,EC6
GSM2613742,EC6
GSM2613743,EC6
GSM2613744,EC6
GSM2613745,EC6
GSM2613746,EC6
GSM2613747,EC6
GSM2613748,EC6
GSM2613749,EC6
GSM2613750,EC6
GSM2613751,EC6
GSM2613752,EC6
GSM2613753,EC6
GSM2613754,EC6
GSM2613755,EC6
GSM2613756,EC6
GSM2613757,EC6
GSM2613758,EC6
GSM2613759,EC6
GSM2613760,EC6
GSM2613761,EC6
GSM2613762,EC6
GSM2613763,EC6
GSM2613764,EC6
GSM2613765,EC6
GSM2613766,EC6
GSM2613767,EC6
GSM2613768,EC6
GSM2613769,EC6
GSM2613770,EC6
GSM2613771,EC6
GSM2613772,EC6
GSM2613773,EC6
GSM2613774,EC6
GSM2613775,EC6
GSM2613776,EC6
GSM2613777,EC6
GSM2613778,EC6
GSM2613779,EC6
GSM2613780,EC6
GSM2613781,EC6
GSM2613782,EC6
GSM2613783,EC6
GSM2613784,EC6
GSM2613785,EC6
GSM2613786,EC6
GSM2613787,EC6
GSM2613788,EC6
GSM2613789,EC6
GSM2613790,EC6
GSM2613791,EC6
GSM2613792,EC6
GSM2613793,EC6
GSM2613794,EC6
GSM2613795,EC6
GSM2613796,EC6
GSM2613797,EC6
GSM2613798,EC6
GSM2613799,EC6
GSM2613800,EC6
GSM2613801,EC6
GSM2613802,EC6
GSM2613803,EC6
GSM2613804,EC6
GSM2613805,EC6
GSM2613806,EC6
GSM2613807,EC6
GSM2613808,EC6
GSM2613809,EC6
GSM2613810,EC6
GSM2613811,EC6
GSM2613812,EC6
GSM2613813,EC6
GSM2613814,EC6
GSM2613815,EC6
GSM2613816,EC6
GSM2613817,EC6
GSM2613818,EC6
GSM2613819,EC6
GSM2613820,EC6
GSM2613821,EC6
GSM2613822,EC6
GSM2613823,EC6
GSM2613824,EC6
GSM2613825,EC6
GSM2613826,EC6
GSM2613827,EC6
GSM2613828,EC6
GSM2613829,EC6
GSM2613830,EC6
GSM2613831,EC6
GSM2613832,EC6
GSM2613833,EC6
GSM2613834,EC6
GSM2613835,EC6
GSM2613836,EC6
GSM2613837,EC6
GSM2613838,EC6
GSM2613839,EC6
GSM2613840,EC6
GSM2613841,EC6
GSM2613842,EC6
GSM2613843,EC6
GSM2613844,EC6
GSM2613845,EC6
GSM2613846,EC6
GSM2613847,EC6
GSM2613848,EC6
GSM2613849,EC6
GSM2613850,EC6
GSM2613851,EC6
GSM2613852,EC6
GSM2613853,EC6
GSM2613854,EC6
GSM2613855,EC6
GSM2613856,EC6
GSM2613857,EC6
GSM2613858,EC6
GSM2613859,EC6
GSM2613860,EC6
GSM2613861,EC6
GSM2613862,EC6
GSM2613863,EC6
GSM2613864,EC6
GSM2613865,EC6
GSM2613866,EC6
GSM2613867,EC6
GSM2613868,EC6
GSM2613869,EC6
GSM2613870,EC6
GSM2613871,EC6
GSM2613872,EC6
GSM2613873,EC6
GSM2613874,EC6
GSM2613875,EC6
GSM2613876,EC6
GSM2613877,EC6
GSM2613878,EC6
GSM2613879,EC6
GSM2613880,EC6
GSM2613881,EC6
GSM2613882,EC6
GSM2613883,EC6
GSM2613884,EC6
GSM2613885,EC6
GSM2613886,EC6
GSM2613887,EC6
GSM2613888,EC6
GSM2613889,EC6
GSM2613890,EC6
GSM2613891,EC6
GSM2613892,EC6
GSM2613893,EC6
GSM2613894,EC6
GSM2613895,EC6
GSM2613896,EC6
GSM2613897,EC6
GSM2613898,EC6
GSM2613899,EC6
GSM2613900,EC6
GSM2613901,EC6
GSM2613902,EC6
GSM2613903,EC6
GSM2613904,EC6
GSM2613905,EC6
GSM2613906,EC6
GSM2613907,EC6
GSM2613908,EC6
GSM2613909,EC6
GSM2613910,EC6
GSM2613911,EC6
GSM2613912,EC6
GSM2613913,EC6
GSM2613914,EC6
GSM2613915,EC6
GSM2613916,EC6
GSM2613917,EC6
GSM2613918,EC6
GSM2613919,EC6
GSM2613920,EC6
GSM2613921,EC6
GSM2613922,EC6
GSM2613923,EC6
GSM2613924,EC6
GSM2613925,EC6
GSM2613926,EC6
GSM2613927,EC6
GSM2613928,EC6
GSM2613929,EC6
GSM2613930,EC6
GSM2613931,EC6
GSM2613932,EC6
GSM2613933,EC6
GSM2613934,EC6
GSM2613935,EC6
GSM2613936,EC6
GSM2613937,EC6
GSM2613938,EC6
GSM2613939,EC6
GSM2613940,EC6
GSM2613941,EC6
GSM2613942,EC6
GSM2613943,EC6
GSM2613944,EC6
GSM2613945,EC6
GSM2613946,EC6
GSM2613947,EC6
GSM2613948,EC6
GSM2613949,EC6
GSM2613950,EC6
GSM2613951,EC6
GSM2613952,EC6
GSM2613953,EC6
GSM2613954,EC6
GSM2613955,EC6
GSM2613956,EC6
GSM2613957,EC6
GSM2613958,EC6
GSM2613959,EC6
GSM2613960,EC6
GSM2613961,EC6
GSM2613962,EC6
GSM2613963,EC6
GSM2613964,EC6
GSM2613965,EC6
GSM2613966,EC6
GSM2613967,EC6
GSM2613968,EC6
GSM2613969,EC6
GSM2613970,EC6
GSM2613971,EC6
GSM2613972,EC6
GSM2613973,EC6
GSM2613974,EC6
GSM2613975,EC6
GSM2613976,EC6
GSM2613977,EC6
GSM2613978,EC6
GSM2613979,EC6
GSM2613980,EC6
GSM2613981,EC6
GSM2613982,EC6
GSM2613983,EC6
GSM2613984,Mural3
GSM2613985,Mural3
GSM2613986,Mural3
GSM2613987,Mural3
GSM2613988,Mural3
GSM2613989,Mural3
GSM2613990,Mural3
GSM2613991,Mural3
GSM2613992,Mural3
GSM2613993,Mural3
GSM2613994,Mural3
GSM2613995,Mural3
GSM2613996,Mural3
GSM2613997,Mural3
GSM2613998,Mural3
GSM2613999,Mural3
GSM2614000,Mural3
GSM2614001,Mural3
GSM2614002,Mural3
GSM2614003,Mural3
GSM2614004,Mural3
GSM2614005,Mural3
GSM2614006,Mural3
GSM2614007,Mural3
GSM2614008,Mural3
GSM2614009,Mural3
GSM2614010,Mural3
GSM2614011,Mural3
GSM2614012,Mural3
GSM2614013,Mural3
GSM2614014,Mural3
GSM2614015,Mural3
GSM2614016,Mural3
GSM2614017,Mural3
GSM2614018,Mural3
GSM2614019,Mural3
GSM2614020,Mural3
GSM2614021,Mural3
GSM2614022,Mural3
GSM2614023,Mural3
GSM2614024,Mural3
GSM2614025,Mural3
GSM2614026,Mural3
GSM2614027,Mural3
GSM2614028,Mural3
GSM2614029,Mural3
GSM2614030,Mural3
GSM2614031,Mural3
GSM2614032,Mural3
GSM2614033,Mural3
GSM2614034,Mural3
GSM2614035,Mural3
GSM2614036,Mural3
GSM2614037,Mural3
GSM2614038,Mural3
GSM2614039,Mural3
GSM2614040,Mural3
GSM2614041,Mural3
GSM2614042,Mural3
GSM2614043,Mural3
GSM2614044,Mural3
GSM2614045,Mural3
GSM2614046,Mural3
GSM2614047,Mural3
GSM2614048,Mural3
GSM2614049,Mural3
GSM2614050,Mural3
GSM2614051,Mural3
GSM2614052,Mural3
GSM2614053,Mural3
GSM2614054,Mural3
GSM2614055,Mural3
GSM2614056,Mural3
GSM2614057,Mural3
GSM2614058,Mural3
GSM2614059,Mural3
GSM2614060,Mural3
GSM2614061,Mural3
GSM2614062,Mural3
GSM2614063,Mural3
GSM2614064,Mural3
GSM2614065,Mural3
GSM2614066,Mural3
GSM2614067,Mural3
GSM2614068,Mural3
GSM2614069,Mural3
GSM2614070,Mural3
GSM2614071,Mural3
GSM2614072,Mural3
GSM2614073,Mural3
GSM2614074,Mural3
GSM2614075,Mural3
GSM2614076,Mural3
GSM2614077,Mural3
GSM2614078,Mural3
GSM2614079,Mural3
GSM2614080,Mural3
GSM2614081,Mural3
GSM2614082,Mural3
GSM2614083,Mural3
GSM2614084,Mural3
GSM2614085,Mural3
GSM2614086,Mural3
GSM2614087,Mural3
GSM2614088,Mural3
GSM2614089,Mural3
GSM2614090,Mural3
GSM2614091,Mural3
GSM2614092,Mural3
GSM2614093,Mural3
GSM2614094,Mural3
GSM2614095,Mural3
GSM2614096,Mural3
GSM2614097,Mural3
GSM2614098,Mural3
GSM2614099,Mural3
GSM2614100,Mural3
GSM2614101,Mural3
GSM2614102,Mural3
GSM2614103,Mural3
GSM2614104,Mural3
GSM2614105,Mural3
GSM2614106,Mural3
GSM2614107,Mural3
GSM2614108,Mural3
GSM2614109,Mural3
GSM2614110,Mural3
GSM2614111,Mural3
GSM2614112,Mural3
GSM2614113,Mural3
GSM2614114,Mural3
GSM2614115,Mural3
GSM2614116,Mural3
GSM2614117,Mural3
GSM2614118,Mural3
GSM2614119,Mural3
GSM2614120,Mural3
GSM2614121,Mural3
GSM2614122,Mural3
GSM2614123,Mural3
GSM2614124,Mural3
GSM2614125,Mural3
GSM2614126,Mural3
GSM2614127,Mural3
GSM2614128,Mural3
GSM2614129,Mural3
GSM2614130,Mural3
GSM2614131,Mural3
GSM2614132,Mural3
GSM2614133,Mural3
GSM2614134,Mural3
GSM2614135,Mural3
GSM2614136,Mural3
GSM2614137,Mural3
GSM2614138,Mural3
GSM2614139,Mural3
GSM2614140,Mural3
GSM2614141,Mural3
GSM2614142,Mural3
GSM2614143,Mural3
GSM2614144,Mural3
GSM2614145,Mural3
GSM2614146,Mural3
GSM2614147,Mural3
GSM2614148,Mural3
GSM2614149,Mural3
GSM2614150,Mural3
GSM2614151,Mural3
GSM2614152,Mural3
GSM2614153,Mural3
GSM2614154,Mural3
GSM2614155,Mural3
GSM2614156,Mural3
GSM2614157,Mural3
GSM2614158,Mural3
GSM2614159,Mural3
GSM2614160,Mural3
GSM2614161,Mural3
GSM2614162,Mural3
GSM2614163,Mural3
GSM2614164,Mural3
GSM2614165,Mural3
GSM2614166,Mural3
GSM2614167,Mural3
GSM2614168,Mural3
GSM2614169,Mural3
GSM2614170,Mural3
GSM2614171,Mural3
GSM2614172,Mural3
GSM2614173,Mural3
GSM2614174,Mural3
GSM2614175,Mural3
GSM2614176,Mural3
GSM2614177,Mural3
GSM2614178,Mural3
GSM2614179,Mural3
GSM2614180,Mural3
GSM2614181,Mural3
GSM2614182,Mural3
GSM2614183,Mural3
GSM2614184,Mural3
GSM2614185,Mural3
GSM2614186,Mural3
GSM2614187,Mural3
GSM2614188,Mural3
GSM2614189,Mural3
GSM2614190,Mural3
GSM2614191,Mural3
GSM2614192,Mural3
GSM2614193,Mural3
GSM2614194,Mural3
GSM2614195,Mural3
GSM2614196,Mural3
GSM2614197,Mural3
GSM2614198,Mural3
GSM2614199,Mural3
GSM2614200,Mural3
GSM2614201,Mural3
GSM2614202,Mural3
GSM2614203,Mural3
GSM2614204,Mural3
GSM2614205,Mural3
GSM2614206,Mural3
GSM2614207,Mural3
GSM2614208,Mural3
GSM2614209,Mural3
GSM2614210,Mural3
GSM2614211,Mural3
GSM2614212,Mural3
GSM2614213,Mural3
GSM2614214,Mural3
GSM2614215,Mural3
GSM2614216,Mural3
GSM2614217,Mural3
GSM2614218,Mural3
GSM2614219,Mural3
GSM2614220,Mural3
GSM2614221,Mural3
GSM2614222,Mural3
GSM2614223,Mural3
GSM2614224,Mural3
GSM2614225,Mural3
GSM2614226,Mural3
GSM2614227,Mural3
GSM2614228,Mural3
GSM2614229,Mural3
GSM2614230,Mural3
GSM2614231,Mural3
GSM2614232,Mural3
GSM2614233,Mural3
GSM2614234,Mural3
GSM2614235,Mural3
GSM2614236,Mural3
GSM2614237,Mural3
GSM2614238,Mural3
GSM2614239,Mural3
GSM2614240,Mural3
GSM2614241,Mural3
GSM2614242,Mural3
GSM2614243,Mural3
GSM2614244,Mural3
GSM2614245,Mural3
GSM2614246,Mural3
GSM2614247,Mural3
GSM2614248,Mural3
GSM2614249,Mural3
GSM2614250,Mural3
GSM2614251,Mural3
GSM2614252,Mural3
GSM2614253,Mural3
GSM2614254,Mural3
GSM2614255,Mural3
GSM2614256,Mural3
GSM2614257,Mural3
GSM2614258,Mural3
GSM2614259,Mural3
GSM2614260,Mural3
GSM2614261,Mural3
GSM2614262,Mural3
GSM2614263,Mural3
GSM2614264,Mural3
GSM2614265,Mural3
GSM2614266,Mural3
GSM2614267,Mural3
GSM2614268,Mural3
GSM2614269,Mural3
GSM2614270,Mural3
GSM2614271,Mural3
GSM2614272,Mural3
GSM2614273,Mural3
GSM2614274,Mural3
GSM2614275,Mural3
GSM2614276,Mural3
GSM2614277,Mural3
GSM2614278,Mural3
GSM2614279,Mural3
GSM2614280,Mural3
GSM2614281,Mural3
GSM2614282,Mural3
GSM2614283,Mural3
GSM2614284,Mural3
GSM2614285,Mural3
GSM2614286,Mural3
GSM2614287,Mural3
GSM2614288,Mural3
GSM2614289,Mural3
GSM2614290,Mural3
GSM2614291,Mural3
GSM2614292,Mural3
GSM2614293,Mural3
GSM2614294,Mural3
GSM2614295,Mural3
GSM2614296,Mural3
GSM2614297,Mural3
GSM2614298,Mural3
GSM2614299,Mural3
GSM2614300,Mural3
GSM2614301,Mural3
GSM2614302,Mural3
GSM2614303,Mural3
GSM2614304,Mural3
GSM2614305,Mural3
GSM2614306,Mural3
GSM2614307,Mural3
GSM2614308,Mural3
GSM2614309,Mural3
GSM2614310,Mural3
GSM2614311,Mural3
GSM2614312,Mural3
GSM2614313,Mural3
GSM2614314,Mural3
GSM2614315,Mural3
GSM2614316,Mural3
GSM2614317,Mural3
GSM2614318,Mural3
GSM2614319,Mural3
GSM2614320,Mural3
GSM2614321,Mural3
GSM2614322,Mural3
GSM2614323,Mural3
GSM2614324,Mural3
GSM2614325,Mural3
GSM2614326,Mural3
GSM2614327,Mural3
GSM2614328,Mural3
GSM2614329,Mural3
GSM2614330,Mural3
GSM2614331,Mural3
GSM2614332,Mural3
GSM2614333,Mural3
GSM2614334,Mural3
GSM2614335,Mural3
GSM2614336,Mural3
GSM2614337,Mural3
GSM2614338,Mural3
GSM2614339,Mural3
GSM2614340,Mural3
GSM2614341,Mural3
GSM2614342,Mural3
GSM2614343,Mural3
GSM2614344,Mural3
GSM2614345,Mural3
GSM2614346,Mural3
GSM2614347,Mural3
GSM2614348,Mural3
GSM2614349,Mural3
GSM2614350,Mural3
GSM2614351,Mural3
GSM2614352,Mural3
GSM2614353,Mural4
GSM2614354,Mural4
GSM2614355,Mural4
GSM2614356,Mural4
GSM2614357,Mural4
GSM2614358,Mural4
GSM2614359,Mural4
GSM2614360,Mural4
GSM2614361,Mural4
GSM2614362,Mural4
GSM2614363,Mural4
GSM2614364,Mural4
GSM2614365,Mural4
GSM2614366,Mural4
GSM2614367,Mural4
GSM2614368,Mural4
GSM2614369,Mural4
GSM2614370,Mural4
GSM2614371,Mural4
GSM2614372,Mural4
GSM2614373,Mural4
GSM2614374,Mural4
GSM2614375,Mural4
GSM2614376,Mural4
GSM2614377,Mural4
GSM2614378,Mural4
GSM2614379,Mural4
GSM2614380,Mural4
GSM2614381,Mural4
GSM2614382,Mural4
GSM2614383,Mural4
GSM2614384,Mural4
GSM2614385,Mural4
GSM2614386,Mural4
GSM2614387,Mural4
GSM2614388,Mural4
GSM2614389,Mural4
GSM2614390,Mural4
GSM2614391,Mural4
GSM2614392,Mural4
GSM2614393,Mural4
GSM2614394,Mural4
GSM2614395,Mural4
GSM2614396,Mural4
GSM2614397,Mural4
GSM2614398,Mural4
GSM2614399,Mural4
GSM2614400,Mural4
GSM2614401,Mural4
GSM2614402,Mural4
GSM2614403,Mural4
GSM2614404,Mural4
GSM2614405,Mural4
GSM2614406,Mural4
GSM2614407,Mural4
GSM2614408,Mural4
GSM2614409,Mural4
GSM2614410,Mural4
GSM2614411,Mural4
GSM2614412,Mural4
GSM2614413,Mural4
GSM2614414,Mural4
GSM2614415,Mural4
GSM2614416,Mural4
GSM2614417,Mural4
GSM2614418,Mural4
GSM2614419,Mural4
GSM2614420,Mural4
GSM2614421,Mural4
GSM2614422,Mural4
GSM2614423,Mural4
GSM2614424,Mural4
GSM2614425,Mural4
GSM2614426,Mural4
GSM2614427,Mural4
GSM2614428,Mural4
GSM2614429,Mural4
GSM2614430,Mural4
GSM2614431,Mural4
GSM2614432,Mural4
GSM2614433,Mural4
GSM2614434,Mural4
GSM2614435,Mural4
GSM2614436,Mural4
GSM2614437,Mural4
GSM2614438,Mural4
GSM2614439,Mural4
GSM2614440,Mural4
GSM2614441,Mural4
GSM2614442,Mural4
GSM2614443,Mural4
GSM2614444,Mural4
GSM2614445,Mural4
GSM2614446,Mural4
GSM2614447,Mural4
GSM2614448,Mural4
GSM2614449,Mural4
GSM2614450,Mural4
GSM2614451,Mural4
GSM2614452,Mural4
GSM2614453,Mural4
GSM2614454,Mural4
GSM2614455,Mural4
GSM2614456,Mural4
GSM2614457,Mural4
GSM2614458,Mural4
GSM2614459,Mural4
GSM2614460,Mural4
GSM2614461,Mural4
GSM2614462,Mural4
GSM2614463,Mural4
GSM2614464,Mural4
GSM2614465,Mural4
GSM2614466,Mural4
GSM2614467,Mural4
GSM2614468,Mural4
GSM2614469,Mural4
GSM2614470,Mural4
GSM2614471,Mural4
GSM2614472,Mural4
GSM2614473,Mural4
GSM2614474,Mural4
GSM2614475,Mural4
GSM2614476,Mural4
GSM2614477,Mural4
GSM2614478,Mural4
GSM2614479,Mural4
GSM2614480,Mural4
GSM2614481,Mural4
GSM2614482,Mural4
GSM2614483,Mural4
GSM2614484,Mural4
GSM2614485,Mural4
GSM2614486,Mural4
GSM2614487,Mural4
GSM2614488,Mural4
GSM2614489,Mural4
GSM2614490,Mural4
GSM2614491,Mural4
GSM2614492,Mural4
GSM2614493,Mural4
GSM2614494,Mural4
GSM2614495,Mural4
GSM2614496,Mural4
GSM2614497,Mural4
GSM2614498,Mural4
GSM2614499,Mural4
GSM2614500,Mural4
GSM2614501,Mural4
GSM2614502,Mural4
GSM2614503,Mural4
GSM2614504,Mural4
GSM2614505,Mural4
GSM2614506,Mural4
GSM2614507,Mural4
GSM2614508,Mural4
GSM2614509,Mural4
GSM2614510,Mural4
GSM2614511,Mural4
GSM2614512,Mural4
GSM2614513,Mural4
GSM2614514,Mural4
GSM2614515,Mural4
GSM2614516,Mural4
GSM2614517,Mural4
GSM2614518,Mural4
GSM2614519,Mural4
GSM2614520,Mural4
GSM2614521,Mural4
GSM2614522,Mural4
GSM2614523,Mural4
GSM2614524,Mural4
GSM2614525,Mural4
GSM2614526,Mural4
GSM2614527,Mural4
GSM2614528,Mural4
GSM2614529,Mural4
GSM2614530,Mural4
GSM2614531,Mural4
GSM2614532,Mural4
GSM2614533,Mural4
GSM2614534,Mural4
GSM2614535,Mural4
GSM2614536,Mural4
GSM2614537,Mural4
GSM2614538,Mural4
GSM2614539,Mural4
GSM2614540,Mural4
GSM2614541,Mural4
GSM2614542,Mural4
GSM2614543,Mural4
GSM2614544,Mural4
GSM2614545,Mural4
GSM2614546,Mural4
GSM2614547,Mural4
GSM2614548,Mural4
GSM2614549,Mural4
GSM2614550,Mural4
GSM2614551,Mural4
GSM2614552,Mural4
GSM2614553,Mural4
GSM2614554,Mural4
GSM2614555,Mural4
GSM2614556,Mural4
GSM2614557,Mural4
GSM2614558,Mural4
GSM2614559,Mural4
GSM2614560,Mural4
GSM2614561,Mural4
GSM2614562,Mural4
GSM2614563,Mural4
GSM2614564,Mural4
GSM2614565,Mural4
GSM2614566,Mural4
GSM2614567,Mural4
GSM2614568,Mural4
GSM2614569,Mural4
GSM2614570,Mural4
GSM2614571,Mural4
GSM2614572,Mural4
GSM2614573,Mural4
GSM2614574,Mural4
GSM2614575,Mural4
GSM2614576,Mural4
GSM2614577,Mural4
GSM2614578,Mural4
GSM2614579,Mural4
GSM2614580,Mural4
GSM2614581,Mural4
GSM2614582,Mural4
GSM2614583,Mural4
GSM2614584,Mural4
GSM2614585,Mural4
GSM2614586,Mural4
GSM2614587,Mural4
GSM2614588,Mural4
GSM2614589,Mural4
GSM2614590,Mural4
GSM2614591,Mural4
GSM2614592,Mural4
GSM2614593,Mural4
GSM2614594,Mural4
GSM2614595,Mural4
GSM2614596,Mural4
GSM2614597,Mural4
GSM2614598,Mural4
GSM2614599,Mural4
GSM2614600,Mural4
GSM2614601,Mural4
GSM2614602,Mural4
GSM2614603,Mural4
GSM2614604,Mural4
GSM2614605,Mural4
GSM2614606,Mural4
GSM2614607,Mural4
GSM2614608,Mural4
GSM2614609,Mural4
GSM2614610,Mural4
GSM2614611,Mural4
GSM2614612,Mural4
GSM2614613,Mural4
GSM2614614,Mural4
GSM2614615,Mural4
GSM2614616,Mural4
GSM2614617,Mural4
GSM2614618,Mural4
GSM2614619,Mural4
GSM2614620,Mural4
GSM2614621,Mural4
GSM2614622,Mural4
GSM2614623,Mural4
GSM2614624,Mural4
GSM2614625,Mural4
GSM2614626,Mural4
GSM2614627,Mural4
GSM2614628,Mural4
GSM2614629,Mural4
GSM2614630,Mural4
GSM2614631,Mural4
GSM2614632,Mural4
GSM2614633,Mural4
GSM2614634,Mural4
GSM2614635,Mural4
GSM2614636,Mural4
GSM2614637,Mural4
GSM2614638,Mural4
GSM2614639,Mural4
GSM2614640,Mural4
GSM2614641,Mural4
GSM2614642,Mural4
GSM2614643,Mural4
GSM2614644,Mural4
GSM2614645,Mural4
GSM2614646,Mural4
GSM2614647,Mural4
GSM2614648,Mural4
GSM2614649,Mural4
GSM2614650,Mural4
GSM2614651,Mural4
GSM2614652,Mural4
GSM2614653,Mural4
GSM2614654,Mural4
GSM2614655,Mural4
GSM2614656,Mural4
GSM2614657,Mural4
GSM2614658,Mural4
GSM2614659,Mural4
GSM2614660,Mural4
GSM2614661,Mural4
GSM2614662,Mural4
GSM2614663,Mural4
GSM2614664,Mural4
GSM2614665,Mural4
GSM2614666,Mural4
GSM2614667,Mural4
GSM2614668,Mural4
GSM2614669,Mural4
GSM2614670,Mural4
GSM2614671,Mural4
GSM2614672,Mural4
GSM2614673,Mural4
GSM2614674,Mural4
GSM2614675,Mural4
GSM2614676,Mural4
GSM2614677,Mural4
GSM2614678,Mural4
GSM2614679,Mural4
GSM2614680,Mural4
GSM2614681,Mural4
GSM2614682,Mural4
GSM2614683,Mural4
GSM2614684,Mural4
GSM2614685,Mural4
GSM2614686,Mural4
GSM2614687,Mural4
GSM2614688,Mural4
GSM2614689,Mural4
GSM2614690,Mural4
GSM2614691,Mural4
GSM2614692,Mural4
GSM2614693,Mural4
GSM2614694,Mural4
GSM2614695,Mural4
GSM2614696,Mural4
GSM2614697,Mural4
GSM2614698,Mural4
GSM2614699,Mural4
GSM2614700,Mural4
GSM2614701,Mural4
GSM2614702,Mural4
GSM2614703,Mural4
GSM2614704,Mural4
GSM2614705,Mural4
GSM2614706,Mural4
GSM2614707,Mural4
GSM2614708,Mural4
GSM2614709,Mural4
GSM2614710,Mural4
GSM2614711,Mural4
GSM2614712,Mural4
GSM2614713,Mural4
GSM2614714,Mural4
GSM2614715,Mural4
GSM2614716,Mural4
GSM2614717,Mural4
GSM2614718,Mural4
GSM2614719,Mural4
GSM2614720,Mural4
GSM2614721,Mural4
GSM2614722,Mural5
GSM2614723,Mural5
GSM2614724,Mural5
GSM2614725,Mural5
GSM2614726,Mural5
GSM2614727,Mural5
GSM2614728,Mural5
GSM2614729,Mural5
GSM2614730,Mural5
GSM2614731,Mural5
GSM2614732,Mural5
GSM2614733,Mural5
GSM2614734,Mural5
GSM2614735,Mural5
GSM2614736,Mural5
GSM2614737,Mural5
GSM2614738,Mural5
GSM2614739,Mural5
GSM2614740,Mural5
GSM2614741,Mural5
GSM2614742,Mural5
GSM2614743,Mural5
GSM2614744,Mural5
GSM2614745,Mural5
GSM2614746,Mural5
GSM2614747,Mural5
GSM2614748,Mural5
GSM2614749,Mural5
GSM2614750,Mural5
GSM2614751,Mural5
GSM2614752,Mural5
GSM2614753,Mural5
GSM2614754,Mural5
GSM2614755,Mural5
GSM2614756,Mural5
GSM2614757,Mural5
GSM2614758,Mural5
GSM2614759,Mural5
GSM2614760,Mural5
GSM2614761,Mural5
GSM2614762,Mural5
GSM2614763,Mural5
GSM2614764,Mural5
GSM2614765,Mural5
GSM2614766,Mural5
GSM2614767,Mural5
GSM2614768,Mural5
GSM2614769,Mural5
GSM2614770,Mural5
GSM2614771,Mural5
GSM2614772,Mural5
GSM2614773,Mural5
GSM2614774,Mural5
GSM2614775,Mural5
GSM2614776,Mural5
GSM2614777,Mural5
GSM2614778,Mural5
GSM2614779,Mural5
GSM2614780,Mural5
GSM2614781,Mural5
GSM2614782,Mural5
GSM2614783,Mural5
GSM2614784,Mural5
GSM2614785,Mural5
GSM2614786,Mural5
GSM2614787,Mural5
GSM2614788,Mural5
GSM2614789,Mural5
GSM2614790,Mural5
GSM2614791,Mural5
GSM2614792,Mural5
GSM2614793,Mural5
GSM2614794,Mural5
GSM2614795,Mural5
GSM2614796,Mural5
GSM2614797,Mural5
GSM2614798,Mural5
GSM2614799,Mural5
GSM2614800,Mural5
GSM2614801,Mural5
GSM2614802,Mural5
GSM2614803,Mural5
GSM2614804,Mural5
GSM2614805,Mural5
GSM2614806,Mural5
GSM2614807,Mural5
GSM2614808,Mural5
GSM2614809,Mural5
GSM2614810,Mural5
GSM2614811,Mural5
GSM2614812,Mural5
GSM2614813,Mural5
GSM2614814,Mural5
GSM2614815,Mural5
GSM2614816,Mural5
GSM2614817,Mural5
GSM2614818,Mural5
GSM2614819,Mural5
GSM2614820,Mural5
GSM2614821,Mural5
GSM2614822,Mural5
GSM2614823,Mural5
GSM2614824,Mural5
GSM2614825,Mural5
GSM2614826,Mural5
GSM2614827,Mural5
GSM2614828,Mural5
GSM2614829,Mural5
GSM2614830,Mural5
GSM2614831,Mural5
GSM2614832,Mural5
GSM2614833,Mural5
GSM2614834,Mural5
GSM2614835,Mural5
GSM2614836,Mural5
GSM2614837,Mural5
GSM2614838,Mural5
GSM2614839,Mural5
GSM2614840,Mural5
GSM2614841,Mural5
GSM2614842,Mural5
GSM2614843,Mural5
GSM2614844,Mural5
GSM2614845,Mural5
GSM2614846,Mural5
GSM2614847,Mural5
GSM2614848,Mural5
GSM2614849,Mural5
GSM2614850,Mural5
GSM2614851,Mural5
GSM2614852,Mural5
GSM2614853,Mural5
GSM2614854,Mural5
GSM2614855,Mural5
GSM2614856,Mural5
GSM2614857,Mural5
GSM2614858,Mural5
GSM2614859,Mural5
GSM2614860,Mural5
GSM2614861,Mural5
GSM2614862,Mural5
GSM2614863,Mural5
GSM2614864,Mural5
GSM2614865,Mural5
GSM2614866,Mural5
GSM2614867,Mural5
GSM2614868,Mural5
GSM2614869,Mural5
GSM2614870,Mural5
GSM2614871,Mural5
GSM2614872,Mural5
GSM2614873,Mural5
GSM2614874,Mural5
GSM2614875,Mural5
GSM2614876,Mural5
GSM2614877,Mural5
GSM2614878,Mural5
GSM2614879,Mural5
GSM2614880,Mural5
GSM2614881,Mural5
GSM2614882,Mural5
GSM2614883,Mural5
GSM2614884,Mural5
GSM2614885,Mural5
GSM2614886,Mural5
GSM2614887,Mural5
GSM2614888,Mural5
GSM2614889,Mural5
GSM2614890,Mural5
GSM2614891,Mural5
GSM2614892,Mural5
GSM2614893,Mural5
GSM2614894,Mural5
GSM2614895,Mural5
GSM2614896,Mural5
GSM2614897,Mural5
GSM2614898,Mural5
GSM2614899,Mural5
GSM2614900,Mural5
GSM2614901,Mural5
GSM2614902,Mural5
GSM2614903,Mural5
GSM2614904,Mural5
GSM2614905,Mural5
GSM2614906,Mural5
GSM2614907,Mural5
GSM2614908,Mural5
GSM2614909,Mural5
GSM2614910,Mural5
GSM2614911,Mural5
GSM2614912,Mural5
GSM2614913,Mural5
GSM2614914,Mural5
GSM2614915,Mural5
GSM2614916,Mural5
GSM2614917,Mural5
GSM2614918,Mural5
GSM2614919,Mural5
GSM2614920,Mural5
GSM2614921,Mural5
GSM2614922,Mural5
GSM2614923,Mural5
GSM2614924,Mural5
GSM2614925,Mural5
GSM2614926,Mural5
GSM2614927,Mural5
GSM2614928,Mural5
GSM2614929,Mural5
GSM2614930,Mural5
GSM2614931,Mural5
GSM2614932,Mural5
GSM2614933,Mural5
GSM2614934,Mural5
GSM2614935,Mural5
GSM2614936,Mural5
GSM2614937,Mural5
GSM2614938,Mural5
GSM2614939,Mural5
GSM2614940,Mural5
GSM2614941,Mural5
GSM2614942,Mural5
GSM2614943,Mural5
GSM2614944,Mural5
GSM2614945,Mural5
GSM2614946,Mural5
GSM2614947,Mural5
GSM2614948,Mural5
GSM2614949,Mural5
GSM2614950,Mural5
GSM2614951,Mural5
GSM2614952,Mural5
GSM2614953,Mural5
GSM2614954,Mural5
GSM2614955,Mural5
GSM2614956,Mural5
GSM2614957,Mural5
GSM2614958,Mural5
GSM2614959,Mural5
GSM2614960,Mural5
GSM2614961,Mural5
GSM2614962,Mural5
GSM2614963,Mural5
GSM2614964,Mural5
GSM2614965,Mural5
GSM2614966,Mural5
GSM2614967,Mural5
GSM2614968,Mural5
GSM2614969,Mural5
GSM2614970,Mural5
GSM2614971,Mural5
GSM2614972,Mural5
GSM2614973,Mural5
GSM2614974,Mural5
GSM2614975,Mural5
GSM2614976,Mural5
GSM2614977,Mural5
GSM2614978,Mural5
GSM2614979,Mural5
GSM2614980,Mural5
GSM2614981,Mural5
GSM2614982,Mural5
GSM2614983,Mural5
GSM2614984,Mural5
GSM2614985,Mural5
GSM2614986,Mural5
GSM2614987,Mural5
GSM2614988,Mural5
GSM2614989,Mural5
GSM2614990,Mural5
GSM2614991,Mural5
GSM2614992,Mural5
GSM2614993,Mural5
GSM2614994,Mural5
GSM2614995,Mural5
GSM2614996,Mural5
GSM2614997,Mural5
GSM2614998,Mural5
GSM2614999,Mural5
GSM2615000,Mural5
GSM2615001,Mural5
GSM2615002,Mural5
GSM2615003,Mural5
GSM2615004,Mural5
GSM2615005,Mural5
GSM2615006,Mural5
GSM2615007,Mural5
GSM2615008,Mural5
GSM2615009,Mural5
GSM2615010,Mural5
GSM2615011,Mural5
GSM2615012,Mural5
GSM2615013,Mural5
GSM2615014,Mural5
GSM2615015,Mural5
GSM2615016,Mural5
GSM2615017,Mural5
GSM2615018,Mural5
GSM2615019,Mural5
GSM2615020,Mural5
GSM2615021,Mural5
GSM2615022,Mural5
GSM2615023,Mural5
GSM2615024,Mural5
GSM2615025,Mural5
GSM2615026,Mural5
GSM2615027,Mural5
GSM2615028,Mural5
GSM2615029,Mural5
GSM2615030,Mural5
GSM2615031,Mural5
GSM2615032,Mural5
GSM2615033,Mural5
GSM2615034,Mural5
GSM2615035,Mural5
GSM2615036,Mural5
GSM2615037,Mural5
GSM2615038,Mural5
GSM2615039,Mural5
GSM2615040,Mural5
GSM2615041,Mural5
GSM2615042,Mural5
GSM2615043,Mural5
GSM2615044,Mural5
GSM2615045,Mural5
GSM2615046,Mural5
GSM2615047,Mural5
GSM2615048,Mural5
GSM2615049,Mural5
GSM2615050,Mural5
GSM2615051,Mural5
GSM2615052,Mural5
GSM2615053,Mural5
GSM2615054,Mural5
GSM2615055,Mural5
GSM2615056,Mural5
GSM2615057,Mural5
GSM2615058,Mural5
GSM2615059,Mural5
GSM2615060,Mural5
GSM2615061,Mural5
GSM2615062,Mural5
GSM2615063,Mural5
GSM2615064,Mural5
GSM2615065,Mural5
GSM2615066,Mural5
GSM2615067,Mural5
GSM2615068,Mural5
GSM2615069,Mural5
GSM2615070,Mural5
GSM2615071,Mural5
GSM2615072,Mural5
GSM2615073,Mural5
GSM2615074,Mural5
GSM2615075,Mural5
GSM2615076,Mural5
GSM2615077,Mural5
GSM2615078,Mural5
GSM2615079,Mural5
GSM2615080,Mural5
GSM2615081,Mural5
GSM2615082,Mural5
GSM2615083,Mural5
GSM2615084,Mural5
GSM2615085,Mural5
GSM2615086,Mural5
GSM2615087,Mural5
GSM2615088,Mural5
GSM2615089,Mural5
GSM2615090,Mural5
GSM2615091,Mural6
GSM2615092,Mural6
GSM2615093,Mural6
GSM2615094,Mural6
GSM2615095,Mural6
GSM2615096,Mural6
GSM2615097,Mural6
GSM2615098,Mural6
GSM2615099,Mural6
GSM2615100,Mural6
GSM2615101,Mural6
GSM2615102,Mural6
GSM2615103,Mural6
GSM2615104,Mural6
GSM2615105,Mural6
GSM2615106,Mural6
GSM2615107,Mural6
GSM2615108,Mural6
GSM2615109,Mural6
GSM2615110,Mural6
GSM2615111,Mural6
GSM2615112,Mural6
GSM2615113,Mural6
GSM2615114,Mural6
GSM2615115,Mural6
GSM2615116,Mural6
GSM2615117,Mural6
GSM2615118,Mural6
GSM2615119,Mural6
GSM2615120,Mural6
GSM2615121,Mural6
GSM2615122,Mural6
GSM2615123,Mural6
GSM2615124,Mural6
GSM2615125,Mural6
GSM2615126,Mural6
GSM2615127,Mural6
GSM2615128,Mural6
GSM2615129,Mural6
GSM2615130,Mural6
GSM2615131,Mural6
GSM2615132,Mural6
GSM2615133,Mural6
GSM2615134,Mural6
GSM2615135,Mural6
GSM2615136,Mural6
GSM2615137,Mural6
GSM2615138,Mural6
GSM2615139,Mural6
GSM2615140,Mural6
GSM2615141,Mural6
GSM2615142,Mural6
GSM2615143,Mural6
GSM2615144,Mural6
GSM2615145,Mural6
GSM2615146,Mural6
GSM2615147,Mural6
GSM2615148,Mural6
GSM2615149,Mural6
GSM2615150,Mural6
GSM2615151,Mural6
GSM2615152,Mural6
GSM2615153,Mural6
GSM2615154,Mural6
GSM2615155,Mural6
GSM2615156,Mural6
GSM2615157,Mural6
GSM2615158,Mural6
GSM2615159,Mural6
GSM2615160,Mural6
GSM2615161,Mural6
GSM2615162,Mural6
GSM2615163,Mural6
GSM2615164,Mural6
GSM2615165,Mural6
GSM2615166,Mural6
GSM2615167,Mural6
GSM2615168,Mural6
GSM2615169,Mural6
GSM2615170,Mural6
GSM2615171,Mural6
GSM2615172,Mural6
GSM2615173,Mural6
GSM2615174,Mural6
GSM2615175,Mural6
GSM2615176,Mural6
GSM2615177,Mural6
GSM2615178,Mural6
GSM2615179,Mural6
GSM2615180,Mural6
GSM2615181,Mural6
GSM2615182,Mural6
GSM2615183,Mural6
GSM2615184,Mural6
GSM2615185,Mural6
GSM2615186,Mural6
GSM2615187,Mural6
GSM2615188,Mural6
GSM2615189,Mural6
GSM2615190,Mural6
GSM2615191,Mural6
GSM2615192,Mural6
GSM2615193,Mural6
GSM2615194,Mural6
GSM2615195,Mural6
GSM2615196,Mural6
GSM2615197,Mural6
GSM2615198,Mural6
GSM2615199,Mural6
GSM2615200,Mural6
GSM2615201,Mural6
GSM2615202,Mural6
GSM2615203,Mural6
GSM2615204,Mural6
GSM2615205,Mural6
GSM2615206,Mural6
GSM2615207,Mural6
GSM2615208,Mural6
GSM2615209,Mural6
GSM2615210,Mural6
GSM2615211,Mural6
GSM2615212,Mural6
GSM2615213,Mural6
GSM2615214,Mural6
GSM2615215,Mural6
GSM2615216,Mural6
GSM2615217,Mural6
GSM2615218,Mural6
GSM2615219,Mural6
GSM2615220,Mural6
GSM2615221,Mural6
GSM2615222,Mural6
GSM2615223,Mural6
GSM2615224,Mural6
GSM2615225,Mural6
GSM2615226,Mural6
GSM2615227,Mural6
GSM2615228,Mural6
GSM2615229,Mural6
GSM2615230,Mural6
GSM2615231,Mural6
GSM2615232,Mural6
GSM2615233,Mural6
GSM2615234,Mural6
GSM2615235,Mural6
GSM2615236,Mural6
GSM2615237,Mural6
GSM2615238,Mural6
GSM2615239,Mural6
GSM2615240,Mural6
GSM2615241,Mural6
GSM2615242,Mural6
GSM2615243,Mural6
GSM2615244,Mural6
GSM2615245,Mural6
GSM2615246,Mural6
GSM2615247,Mural6
GSM2615248,Mural6
GSM2615249,Mural6
GSM2615250,Mural6
GSM2615251,Mural6
GSM2615252,Mural6
GSM2615253,Mural6
GSM2615254,Mural6
GSM2615255,Mural6
GSM2615256,Mural6
GSM2615257,Mural6
GSM2615258,Mural6
GSM2615259,Mural6
GSM2615260,Mural6
GSM2615261,Mural6
GSM2615262,Mural6
GSM2615263,Mural6
GSM2615264,Mural6
GSM2615265,Mural6
GSM2615266,Mural6
GSM2615267,Mural6
GSM2615268,Mural6
GSM2615269,Mural6
GSM2615270,Mural6
GSM2615271,Mural6
GSM2615272,Mural6
GSM2615273,Mural6
GSM2615274,Mural6
GSM2615275,Mural6
GSM2615276,Mural6
GSM2615277,Mural6
GSM2615278,Mural6
GSM2615279,Mural6
GSM2615280,Mural6
GSM2615281,Mural6
GSM2615282,Mural6
GSM2615283,Mural6
GSM2615284,Mural6
GSM2615285,Mural6
GSM2615286,Mural6
GSM2615287,Mural6
GSM2615288,Mural6
GSM2615289,Mural6
GSM2615290,Mural6
GSM2615291,Mural6
GSM2615292,Mural6
GSM2615293,Mural6
GSM2615294,Mural6
GSM2615295,Mural6
GSM2615296,Mural6
GSM2615297,Mural6
GSM2615298,Mural6
GSM2615299,Mural6
GSM2615300,Mural6
GSM2615301,Mural6
GSM2615302,Mural6
GSM2615303,Mural6
GSM2615304,Mural6
GSM2615305,Mural6
GSM2615306,Mural6
GSM2615307,Mural6
GSM2615308,Mural6
GSM2615309,Mural6
GSM2615310,Mural6
GSM2615311,Mural6
GSM2615312,Mural6
GSM2615313,Mural6
GSM2615314,Mural6
GSM2615315,Mural6
GSM2615316,Mural6
GSM2615317,Mural6
GSM2615318,Mural6
GSM2615319,Mural6
GSM2615320,Mural6
GSM2615321,Mural6
GSM2615322,Mural6
GSM2615323,Mural6
GSM2615324,Mural6
GSM2615325,Mural6
GSM2615326,Mural6
GSM2615327,Mural6
GSM2615328,Mural6
GSM2615329,Mural6
GSM2615330,Mural6
GSM2615331,Mural6
GSM2615332,Mural6
GSM2615333,Mural6
GSM2615334,Mural6
GSM2615335,Mural6
GSM2615336,Mural6
GSM2615337,Mural6
GSM2615338,Mural6
GSM2615339,Mural6
GSM2615340,Mural6
GSM2615341,Mural6
GSM2615342,Mural6
GSM2615343,Mural6
GSM2615344,Mural6
GSM2615345,Mural6
GSM2615346,Mural6
GSM2615347,Mural6
GSM2615348,Mural6
GSM2615349,Mural6
GSM2615350,Mural6
GSM2615351,Mural6
GSM2615352,Mural6
GSM2615353,Mural6
GSM2615354,Mural6
GSM2615355,Mural6
GSM2615356,Mural6
GSM2615357,Mural6
GSM2615358,Mural6
GSM2615359,Mural6
GSM2615360,Mural6
GSM2615361,Mural6
GSM2615362,Mural6
GSM2615363,Mural6
GSM2615364,Mural6
GSM2615365,Mural6
GSM2615366,Mural6
GSM2615367,Mural6
GSM2615368,Mural6
GSM2615369,Mural6
GSM2615370,Mural6
GSM2615371,Mural6
GSM2615372,Mural6
GSM2615373,Mural6
GSM2615374,Mural6
GSM2615375,Mural6
GSM2615376,Mural6
GSM2615377,Mural6
GSM2615378,Mural6
GSM2615379,Mural6
GSM2615380,Mural6
GSM2615381,Mural6
GSM2615382,Mural6
GSM2615383,Mural6
GSM2615384,Mural6
GSM2615385,Mural6
GSM2615386,Mural6
GSM2615387,Mural6
GSM2615388,Mural6
GSM2615389,Mural6
GSM2615390,Mural6
GSM2615391,Mural6
GSM2615392,Mural6
GSM2615393,Mural6
GSM2615394,Mural6
GSM2615395,Mural6
GSM2615396,Mural6
GSM2615397,Mural6
GSM2615398,Mural6
GSM2615399,Mural6
GSM2615400,Mural6
GSM2615401,Mural6
GSM2615402,Mural6
GSM2615403,Mural6
GSM2615404,Mural6
GSM2615405,Mural6
GSM2615406,Mural6
GSM2615407,Mural6
GSM2615408,Mural6
GSM2615409,Mural6
GSM2615410,Mural6
GSM2615411,Mural6
GSM2615412,Mural6
GSM2615413,Mural6
GSM2615414,Mural6
GSM2615415,Mural6
GSM2615416,Mural6
GSM2615417,Mural6
GSM2615418,Mural6
GSM2615419,Mural6
GSM2615420,Mural6
GSM2615421,Mural6
GSM2615422,Mural6
GSM2615423,Mural6
GSM2615424,Mural6
GSM2615425,Mural6
GSM2615426,Mural6
GSM2615427,Mural6
GSM2615428,Mural6
GSM2615429,Mural6
GSM2615430,Mural6
GSM2615431,Mural6
GSM2615432,Mural6
GSM2615433,Mural6
GSM2615434,Mural6
GSM2615435,Mural6
GSM2615436,Mural6
GSM2615437,Mural6
GSM2615438,Mural6
GSM2615439,Mural6
GSM2615440,Mural6
GSM2615441,Mural6
GSM2615442,Mural6
GSM2615443,Mural6
GSM2615444,Mural6
GSM2615445,Mural6
GSM2615446,Mural6
GSM2615447,Mural6
GSM2615448,Mural6
GSM2615449,Mural6
GSM2615450,Mural6
GSM2615451,Mural6
GSM2615452,Mural6
GSM2615453,Mural6
GSM2615454,Mural6
GSM2615455,Mural6
GSM2615456,Mural6
GSM2615457,Mural6
GSM2615458,Mural6
GSM2615459,Mural6
GSM2615460,Mural6
GSM2615461,Mural6
GSM2615462,Mural6
GSM2615463,Mural6
GSM2615464,Mural6
GSM2615465,Mural6
GSM2615466,Mural6
GSM2615467,Mural6
GSM2615468,Pdgfra1
GSM2615469,Pdgfra1
GSM2615470,Pdgfra1
GSM2615471,Pdgfra1
GSM2615472,Pdgfra1
GSM2615473,Pdgfra1
GSM2615474,Pdgfra1
GSM2615475,Pdgfra1
GSM2615476,Pdgfra1
GSM2615477,Pdgfra1
GSM2615478,Pdgfra1
GSM2615479,Pdgfra1
GSM2615480,Pdgfra1
GSM2615481,Pdgfra1
GSM2615482,Pdgfra1
GSM2615483,Pdgfra1
GSM2615484,Pdgfra1
GSM2615485,Pdgfra1
GSM2615486,Pdgfra1
GSM2615487,Pdgfra1
GSM2615488,Pdgfra1
GSM2615489,Pdgfra1
GSM2615490,Pdgfra1
GSM2615491,Pdgfra1
GSM2615492,Pdgfra1
GSM2615493,Pdgfra1
GSM2615494,Pdgfra1
GSM2615495,Pdgfra1
GSM2615496,Pdgfra1
GSM2615497,Pdgfra1
GSM2615498,Pdgfra1
GSM2615499,Pdgfra1
GSM2615500,Pdgfra1
GSM2615501,Pdgfra1
GSM2615502,Pdgfra1
GSM2615503,Pdgfra1
GSM2615504,Pdgfra1
GSM2615505,Pdgfra1
GSM2615506,Pdgfra1
GSM2615507,Pdgfra1
GSM2615508,Pdgfra1
GSM2615509,Pdgfra1
GSM2615510,Pdgfra1
GSM2615511,Pdgfra1
GSM2615512,Pdgfra1
GSM2615513,Pdgfra1
GSM2615514,Pdgfra1
GSM2615515,Pdgfra1
GSM2615516,Pdgfra1
GSM2615517,Pdgfra1
GSM2615518,Pdgfra1
GSM2615519,Pdgfra1
GSM2615520,Pdgfra1
GSM2615521,Pdgfra1
GSM2615522,Pdgfra1
GSM2615523,Pdgfra1
GSM2615524,Pdgfra1
GSM2615525,Pdgfra1
GSM2615526,Pdgfra1
GSM2615527,Pdgfra1
GSM2615528,Pdgfra1
GSM2615529,Pdgfra1
GSM2615530,Pdgfra1
GSM2615531,Pdgfra1
GSM2615532,Pdgfra1
GSM2615533,Pdgfra1
GSM2615534,Pdgfra1
GSM2615535,Pdgfra1
GSM2615536,Pdgfra1
GSM2615537,Pdgfra1
GSM2615538,Pdgfra1
GSM2615539,Pdgfra1
GSM2615540,Pdgfra1
GSM2615541,Pdgfra1
GSM2615542,Pdgfra1
GSM2615543,Pdgfra1
GSM2615544,Pdgfra1
GSM2615545,Pdgfra1
GSM2615546,Pdgfra1
GSM2615547,Pdgfra1
GSM2615548,Pdgfra1
GSM2615549,Pdgfra1
GSM2615550,Pdgfra1
GSM2615551,Pdgfra1
GSM2615552,Pdgfra1
GSM2615553,Pdgfra1
GSM2615554,Pdgfra1
GSM2615555,Pdgfra1
GSM2615556,Pdgfra1
GSM2615557,Pdgfra1
GSM2615558,Pdgfra1
GSM2615559,Pdgfra1
GSM2615560,Pdgfra1
GSM2615561,Pdgfra1
GSM2615562,Pdgfra1
GSM2615563,Pdgfra1
GSM2615564,Pdgfra1
GSM2615565,Pdgfra1
GSM2615566,Pdgfra1
GSM2615567,Pdgfra1
GSM2615568,Pdgfra1
GSM2615569,Pdgfra1
GSM2615570,Pdgfra1
GSM2615571,Pdgfra1
GSM2615572,Pdgfra1
GSM2615573,Pdgfra1
GSM2615574,Pdgfra1
GSM2615575,Pdgfra2
GSM2615576,Pdgfra2
GSM2615577,Pdgfra2
GSM2615578,Pdgfra2
GSM2615579,Pdgfra2
GSM2615580,Pdgfra2
GSM2615581,Pdgfra2
GSM2615582,Pdgfra2
GSM2615583,Pdgfra2
GSM2615584,Pdgfra2
GSM2615585,Pdgfra2
GSM2615586,Pdgfra2
GSM2615587,Pdgfra2
GSM2615588,Pdgfra2
GSM2615589,Pdgfra2
GSM2615590,Pdgfra2
GSM2615591,Pdgfra2
GSM2615592,Pdgfra2
GSM2615593,Pdgfra2
GSM2615594,Pdgfra2
GSM2615595,Pdgfra2
GSM2615596,Pdgfra2
GSM2615597,Pdgfra2
GSM2615598,Pdgfra2
GSM2615599,Pdgfra2
GSM2615600,Pdgfra2
GSM2615601,Pdgfra2
GSM2615602,Pdgfra2
GSM2615603,Pdgfra2
GSM2615604,Pdgfra2
GSM2615605,Pdgfra2
GSM2615606,Pdgfra2
GSM2615607,Pdgfra2
GSM2615608,Pdgfra2
GSM2615609,Pdgfra2
GSM2615610,Pdgfra2
GSM2615611,Pdgfra2
GSM2615612,Pdgfra2
GSM2615613,Pdgfra2
GSM2615614,Pdgfra2
GSM2615615,Pdgfra2
GSM2615616,Pdgfra2
GSM2615617,Pdgfra2
GSM2615618,Pdgfra2
GSM2615619,Pdgfra2
GSM2615620,Pdgfra2
GSM2615621,Pdgfra2
GSM2615622,Pdgfra2
GSM2615623,Pdgfra2
GSM2615624,Pdgfra2
GSM2615625,Pdgfra2
GSM2615626,Pdgfra2
GSM2615627,Pdgfra2
GSM2615628,Pdgfra2
GSM2615629,Pdgfra2
GSM2615630,Pdgfra2
GSM2615631,Pdgfra2
GSM2615632,Pdgfra2
GSM2615633,Pdgfra2
GSM2615634,Pdgfra2
GSM2615635,Pdgfra2
GSM2615636,Pdgfra2
GSM2615637,Pdgfra2
GSM2615638,Pdgfra2
GSM2615639,Pdgfra2
GSM2615640,Pdgfra2
GSM2615641,Pdgfra2
GSM2615642,Pdgfra2
GSM2615643,Pdgfra2
GSM2615644,Pdgfra2
GSM2615645,Pdgfra2
GSM2615646,Pdgfra2
GSM2615647,Pdgfra2
GSM2615648,Pdgfra2
GSM2615649,Pdgfra2
GSM2615650,Pdgfra2
GSM2615651,Pdgfra2
GSM2615652,Pdgfra2
GSM2615653,Pdgfra2
GSM2615654,Pdgfra2
GSM2615655,Pdgfra2
GSM2615656,Pdgfra2
GSM2615657,Pdgfra2
GSM2615658,Pdgfra2
GSM2615659,Pdgfra2
GSM2615660,Pdgfra2
GSM2615661,Pdgfra2
GSM2615662,Pdgfra2
GSM2615663,Pdgfra2
GSM2615664,Pdgfra2
GSM2615665,Pdgfra2
GSM2615666,Pdgfra2
GSM2615667,Pdgfra2
GSM2615668,Pdgfra2
GSM2615669,Pdgfra2
GSM2615670,Pdgfra2
GSM2615671,Pdgfra2
GSM2615672,Pdgfra2
GSM2615673,Pdgfra2
GSM2615674,Pdgfra2
GSM2615675,Pdgfra2
GSM2615676,Pdgfra2
GSM2615677,Pdgfra2
GSM2615678,Pdgfra2
GSM2615679,Pdgfra2
GSM2615680,Pdgfra2
GSM2615681,Pdgfra2
GSM2615682,Pdgfra2
GSM2615683,Pdgfra2
GSM2615684,Pdgfra2
GSM2615685,Pdgfra2
GSM2615686,Pdgfra2
GSM2615687,Pdgfra2
GSM2615688,Pdgfra2
GSM2615689,Pdgfra2
GSM2615690,Pdgfra2
GSM2615691,Pdgfra2
GSM2615692,Pdgfra2
GSM2615693,Pdgfra2
GSM2615694,Pdgfra2
GSM2615695,Pdgfra2
GSM2615696,Pdgfra2
GSM2615697,Pdgfra2
GSM2615698,Pdgfra2
GSM2615699,Pdgfra2
GSM2615700,Pdgfra2
GSM2615701,Pdgfra2
GSM2615702,Pdgfra2
GSM2615703,Pdgfra2
GSM2615704,Pdgfra2
GSM2615705,Pdgfra2
GSM2615706,Pdgfra2
GSM2615707,Pdgfra2
GSM2615708,Pdgfra2
GSM2615709,Pdgfra2
GSM2615710,Pdgfra2
GSM2615711,Pdgfra2
GSM2615712,Pdgfra2
GSM2615713,Pdgfra2
GSM2615714,Pdgfra2
GSM2615715,Pdgfra2
GSM2615716,Pdgfra2
GSM2615717,Pdgfra2
GSM2615718,Pdgfra2
GSM2615719,Pdgfra2
GSM2615720,Pdgfra2
GSM2615721,Pdgfra2
GSM2615722,Pdgfra2
GSM2615723,Pdgfra2
GSM2615724,Pdgfra2
