"","sc3_42_clusters"
"GSM2631429","17"
"GSM2631430","18"
"GSM2631431","19"
"GSM2631432","17"
"GSM2631433","18"
"GSM2631434","19"
"GSM2631435","17"
"GSM2631436","17"
"GSM2631438","18"
"GSM2631439","18"
"GSM2631440","17"
"GSM2631441","19"
"GSM2631442","19"
"GSM2631443","17"
"GSM2631444","18"
"GSM2631445","19"
"GSM2631446","18"
"GSM2631447","19"
"GSM2631448","19"
"GSM2631449","17"
"GSM2631450","19"
"GSM2631451","19"
"GSM2631452","17"
"GSM2631453","17"
"GSM2631454","17"
"GSM2631455","19"
"GSM2631456","19"
"GSM2631457","19"
"GSM2631458","18"
"GSM2631459","19"
"GSM2631460","19"
"GSM2631461","19"
"GSM2631462","19"
"GSM2631463","19"
"GSM2631464","17"
"GSM2631465","19"
"GSM2631466","19"
"GSM2631467","19"
"GSM2631468","18"
"GSM2631469","19"
"GSM2631470","19"
"GSM2631471","18"
"GSM2631472","19"
"GSM2631473","19"
"GSM2631474","19"
"GSM2631475","19"
"GSM2631476","17"
"GSM2631477","18"
"GSM2631478","18"
"GSM2631479","19"
"GSM2631480","17"
"GSM2631481","19"
"GSM2631482","17"
"GSM2631483","19"
"GSM2631484","18"
"GSM2631485","18"
"GSM2631486","18"
"GSM2631487","19"
"GSM2631488","18"
"GSM2631489","17"
"GSM2631490","19"
"GSM2631491","17"
"GSM2631492","17"
"GSM2631493","19"
"GSM2631494","17"
"GSM2631495","19"
"GSM2631496","19"
"GSM2631498","18"
"GSM2631499","19"
"GSM2631500","17"
"GSM2631501","17"
"GSM2631502","19"
"GSM2631503","17"
"GSM2631504","19"
"GSM2631505","19"
"GSM2631506","19"
"GSM2631507","18"
"GSM2631508","19"
"GSM2631509","17"
"GSM2631510","19"
"GSM2631511","17"
"GSM2631512","18"
"GSM2631513","17"
"GSM2631514","19"
"GSM2631515","17"
"GSM2631516","18"
"GSM2631517","19"
"GSM2631518","19"
"GSM2631519","18"
"GSM2631520","19"
"GSM2631521","18"
"GSM2631522","17"
"GSM2631523","19"
"GSM2631524","17"
"GSM2631525","19"
"GSM2631526","17"
"GSM2631527","18"
"GSM2631528","19"
"GSM2631529","17"
"GSM2631530","19"
"GSM2631531","19"
"GSM2631532","19"
"GSM2631533","17"
"GSM2631534","17"
"GSM2631535","19"
"GSM2631536","19"
"GSM2631537","17"
"GSM2631538","19"
"GSM2631539","18"
"GSM2631540","17"
"GSM2631541","17"
"GSM2631542","19"
"GSM2631543","19"
"GSM2631544","19"
"GSM2631545","19"
"GSM2631546","18"
"GSM2631547","19"
"GSM2631548","18"
"GSM2631549","19"
"GSM2631550","19"
"GSM2631551","17"
"GSM2631552","18"
"GSM2631553","19"
"GSM2631554","19"
"GSM2631555","19"
"GSM2631556","19"
"GSM2631557","19"
"GSM2631558","19"
"GSM2631559","19"
"GSM2631560","17"
"GSM2631561","19"
"GSM2631562","17"
"GSM2631563","18"
"GSM2631564","17"
"GSM2631565","18"
"GSM2631566","17"
"GSM2631567","19"
"GSM2631568","19"
"GSM2631569","18"
"GSM2631570","18"
"GSM2631571","18"
"GSM2631572","19"
"GSM2631573","19"
"GSM2631574","18"
"GSM2631575","17"
"GSM2631576","18"
"GSM2631577","17"
"GSM2631578","19"
"GSM2631579","19"
"GSM2631580","18"
"GSM2631581","17"
"GSM2631582","19"
"GSM2631583","19"
"GSM2631584","19"
"GSM2631585","17"
"GSM2631586","17"
"GSM2631587","17"
"GSM2631588","19"
"GSM2631589","19"
"GSM2631590","17"
"GSM2631591","18"
"GSM2631592","19"
"GSM2631593","17"
"GSM2631594","19"
"GSM2631595","17"
"GSM2631596","17"
"GSM2631597","19"
"GSM2631598","19"
"GSM2631600","17"
"GSM2631601","19"
"GSM2631602","17"
"GSM2631603","18"
"GSM2631605","19"
"GSM2631606","17"
"GSM2631607","17"
"GSM2631608","17"
"GSM2631609","17"
"GSM2631610","17"
"GSM2631611","18"
"GSM2631612","18"
"GSM2631613","19"
"GSM2631614","18"
"GSM2631615","18"
"GSM2631616","19"
"GSM2631617","19"
"GSM2631618","17"
"GSM2631619","17"
"GSM2631620","17"
"GSM2631621","17"
"GSM2631622","18"
"GSM2631623","17"
"GSM2631624","17"
"GSM2631625","18"
"GSM2631626","19"
"GSM2631627","17"
"GSM2631628","18"
"GSM2631629","17"
"GSM2631630","18"
"GSM2631631","18"
"GSM2631632","17"
"GSM2631633","18"
"GSM2631634","19"
"GSM2631635","17"
"GSM2631636","19"
"GSM2631637","17"
"GSM2631638","17"
"GSM2631639","17"
"GSM2631640","17"
"GSM2631641","17"
"GSM2631642","17"
"GSM2631643","17"
"GSM2631644","18"
"GSM2631645","18"
"GSM2631646","18"
"GSM2631647","17"
"GSM2631648","19"
"GSM2631649","17"
"GSM2631650","19"
"GSM2631651","17"
"GSM2631652","17"
"GSM2631653","17"
"GSM2631654","18"
"GSM2631655","17"
"GSM2631656","19"
"GSM2631657","19"
"GSM2631658","17"
"GSM2631659","17"
"GSM2631660","18"
"GSM2631661","17"
"GSM2631662","19"
"GSM2631663","19"
"GSM2631664","17"
"GSM2631665","18"
"GSM2631666","18"
"GSM2631667","18"
"GSM2631668","18"
"GSM2631669","17"
"GSM2631670","18"
"GSM2631671","17"
"GSM2631672","17"
"GSM2631673","17"
"GSM2631674","18"
"GSM2631675","19"
"GSM2631676","18"
"GSM2631677","19"
"GSM2631678","17"
"GSM2612540","42"
"GSM2612542","34"
"GSM2612543","25"
"GSM2612544","40"
"GSM2612545","33"
"GSM2612546","26"
"GSM2612547","25"
"GSM2612548","34"
"GSM2612549","41"
"GSM2612550","34"
"GSM2612551","34"
"GSM2612552","30"
"GSM2612553","25"
"GSM2612554","32"
"GSM2612555","24"
"GSM2612556","32"
"GSM2612557","25"
"GSM2612558","24"
"GSM2612559","14"
"GSM2612560","41"
"GSM2612561","25"
"GSM2612562","35"
"GSM2612563","25"
"GSM2612565","34"
"GSM2612566","14"
"GSM2612567","35"
"GSM2612568","32"
"GSM2612569","35"
"GSM2612570","34"
"GSM2612571","34"
"GSM2612572","42"
"GSM2612573","24"
"GSM2612574","37"
"GSM2612575","37"
"GSM2612576","31"
"GSM2612577","34"
"GSM2612579","35"
"GSM2612580","34"
"GSM2612581","42"
"GSM2612582","34"
"GSM2612584","42"
"GSM2612585","35"
"GSM2612586","37"
"GSM2612587","34"
"GSM2612589","34"
"GSM2612590","14"
"GSM2612591","24"
"GSM2612592","25"
"GSM2612593","14"
"GSM2612594","35"
"GSM2612595","24"
"GSM2612597","26"
"GSM2612598","25"
"GSM2612599","34"
"GSM2612600","37"
"GSM2612601","34"
"GSM2612602","34"
"GSM2612603","25"
"GSM2612604","33"
"GSM2612605","26"
"GSM2612606","27"
"GSM2612607","42"
"GSM2612608","39"
"GSM2612610","31"
"GSM2612612","34"
"GSM2612615","15"
"GSM2612616","25"
"GSM2612617","34"
"GSM2612618","31"
"GSM2612620","34"
"GSM2612622","32"
"GSM2612624","35"
"GSM2612625","33"
"GSM2612626","34"
"GSM2612627","34"
"GSM2612629","34"
"GSM2612630","34"
"GSM2612631","34"
"GSM2612633","34"
"GSM2612634","34"
"GSM2612635","34"
"GSM2612636","23"
"GSM2612637","33"
"GSM2612638","27"
"GSM2612639","35"
"GSM2612640","34"
"GSM2612641","34"
"GSM2612642","33"
"GSM2612643","34"
"GSM2612644","42"
"GSM2612645","25"
"GSM2612646","34"
"GSM2612647","41"
"GSM2612648","25"
"GSM2612649","34"
"GSM2612650","33"
"GSM2612653","32"
"GSM2612654","34"
"GSM2612655","34"
"GSM2612656","24"
"GSM2612657","34"
"GSM2612659","34"
"GSM2612660","41"
"GSM2612661","42"
"GSM2612662","42"
"GSM2612663","26"
"GSM2612664","35"
"GSM2612665","33"
"GSM2612666","42"
"GSM2612667","24"
"GSM2612668","24"
"GSM2612669","35"
"GSM2612670","27"
"GSM2612671","34"
"GSM2612672","35"
"GSM2612673","25"
"GSM2612674","33"
"GSM2612675","26"
"GSM2612676","34"
"GSM2612677","15"
"GSM2612679","26"
"GSM2612680","15"
"GSM2612681","34"
"GSM2612682","34"
"GSM2612683","35"
"GSM2612684","41"
"GSM2612685","35"
"GSM2612686","40"
"GSM2612687","23"
"GSM2612688","34"
"GSM2612689","35"
"GSM2612690","35"
"GSM2612691","42"
"GSM2612692","25"
"GSM2612693","42"
"GSM2612694","42"
"GSM2612695","35"
"GSM2612696","24"
"GSM2612697","40"
"GSM2612699","31"
"GSM2612700","34"
"GSM2612701","25"
"GSM2612703","24"
"GSM2612704","28"
"GSM2612705","25"
"GSM2612706","41"
"GSM2612707","24"
"GSM2612708","34"
"GSM2612710","32"
"GSM2612711","32"
"GSM2612712","34"
"GSM2612713","25"
"GSM2612714","42"
"GSM2612716","35"
"GSM2612717","28"
"GSM2612718","23"
"GSM2612719","35"
"GSM2612720","34"
"GSM2612721","25"
"GSM2612722","25"
"GSM2612723","32"
"GSM2612724","34"
"GSM2612725","41"
"GSM2612726","37"
"GSM2612727","25"
"GSM2612728","34"
"GSM2612729","25"
"GSM2612730","41"
"GSM2612732","37"
"GSM2612733","24"
"GSM2612735","25"
"GSM2612736","25"
"GSM2612737","35"
"GSM2612738","25"
"GSM2612739","40"
"GSM2612740","24"
"GSM2612741","25"
"GSM2612742","28"
"GSM2612743","35"
"GSM2612744","34"
"GSM2612745","25"
"GSM2612746","25"
"GSM2612749","24"
"GSM2612750","39"
"GSM2612751","25"
"GSM2612752","25"
"GSM2612753","39"
"GSM2612754","26"
"GSM2612756","28"
"GSM2612757","24"
"GSM2612758","23"
"GSM2612759","38"
"GSM2612760","35"
"GSM2612762","39"
"GSM2612763","37"
"GSM2612764","25"
"GSM2612765","39"
"GSM2612766","34"
"GSM2612767","34"
"GSM2612768","42"
"GSM2612769","40"
"GSM2612770","33"
"GSM2612771","41"
"GSM2612772","35"
"GSM2612773","25"
"GSM2612775","42"
"GSM2612776","41"
"GSM2612777","40"
"GSM2612778","42"
"GSM2612779","42"
"GSM2612780","25"
"GSM2612781","25"
"GSM2612782","34"
"GSM2612784","30"
"GSM2612785","36"
"GSM2612787","15"
"GSM2612788","14"
"GSM2612789","34"
"GSM2612791","39"
"GSM2612792","30"
"GSM2612793","34"
"GSM2612794","32"
"GSM2612795","34"
"GSM2612796","37"
"GSM2612797","35"
"GSM2612798","35"
"GSM2612799","25"
"GSM2612800","42"
"GSM2612801","24"
"GSM2612803","23"
"GSM2612804","25"
"GSM2612805","35"
"GSM2612806","25"
"GSM2612807","31"
"GSM2612808","34"
"GSM2612809","25"
"GSM2612810","34"
"GSM2612811","34"
"GSM2612812","14"
"GSM2612814","41"
"GSM2612815","34"
"GSM2612816","25"
"GSM2612817","37"
"GSM2612818","26"
"GSM2612819","25"
"GSM2612820","27"
"GSM2612821","34"
"GSM2612822","30"
"GSM2612823","31"
"GSM2612824","30"
"GSM2612825","25"
"GSM2612826","25"
"GSM2612827","42"
"GSM2612828","41"
"GSM2612829","41"
"GSM2612830","32"
"GSM2612831","35"
"GSM2612833","24"
"GSM2612834","32"
"GSM2612835","37"
"GSM2612836","42"
"GSM2612837","40"
"GSM2612838","25"
"GSM2612839","14"
"GSM2612840","33"
"GSM2612842","35"
"GSM2612843","42"
"GSM2612844","32"
"GSM2612845","41"
"GSM2612846","41"
"GSM2612847","34"
"GSM2612849","35"
"GSM2612850","35"
"GSM2612852","25"
"GSM2612854","26"
"GSM2612855","31"
"GSM2612856","14"
"GSM2612858","41"
"GSM2612859","34"
"GSM2612860","34"
"GSM2612862","25"
"GSM2612863","42"
"GSM2612864","42"
"GSM2612865","35"
"GSM2612866","14"
"GSM2612867","42"
"GSM2612868","28"
"GSM2612870","31"
"GSM2612871","25"
"GSM2612874","28"
"GSM2612875","37"
"GSM2612876","25"
"GSM2612877","32"
"GSM2612879","14"
"GSM2612880","15"
"GSM2612881","25"
"GSM2612882","32"
"GSM2612883","31"
"GSM2612885","23"
"GSM2612886","39"
"GSM2612887","35"
"GSM2612889","15"
"GSM2612890","39"
"GSM2612891","41"
"GSM2612892","31"
"GSM2612893","42"
"GSM2612894","35"
"GSM2612895","32"
"GSM2612896","24"
"GSM2612897","35"
"GSM2612898","35"
"GSM2612899","40"
"GSM2612901","25"
"GSM2612903","39"
"GSM2612904","26"
"GSM2612906","34"
"GSM2612907","34"
"GSM2612908","36"
"GSM2612909","34"
"GSM2612911","31"
"GSM2612912","37"
"GSM2612913","35"
"GSM2612914","26"
"GSM2612915","25"
"GSM2612916","26"
"GSM2612917","41"
"GSM2612918","15"
"GSM2612919","32"
"GSM2612920","34"
"GSM2612921","39"
"GSM2612922","42"
"GSM2612923","24"
"GSM2612924","41"
"GSM2612926","42"
"GSM2612927","14"
"GSM2612928","32"
"GSM2612929","34"
"GSM2612931","32"
"GSM2612932","33"
"GSM2612934","28"
"GSM2612936","42"
"GSM2612937","34"
"GSM2612938","35"
"GSM2612939","42"
"GSM2612940","35"
"GSM2612941","34"
"GSM2612942","40"
"GSM2612943","14"
"GSM2612944","34"
"GSM2612945","37"
"GSM2612946","42"
"GSM2612947","39"
"GSM2612948","34"
"GSM2612949","40"
"GSM2612950","37"
"GSM2612951","34"
"GSM2612952","35"
"GSM2612953","25"
"GSM2612954","35"
"GSM2612955","35"
"GSM2612956","36"
"GSM2612958","15"
"GSM2612959","37"
"GSM2612960","31"
"GSM2612962","34"
"GSM2612963","39"
"GSM2612964","35"
"GSM2612965","32"
"GSM2612966","25"
"GSM2612968","25"
"GSM2612969","37"
"GSM2612970","42"
"GSM2612971","25"
"GSM2612972","25"
"GSM2612973","33"
"GSM2612974","29"
"GSM2612975","34"
"GSM2612976","31"
"GSM2612977","32"
"GSM2612978","41"
"GSM2612979","25"
"GSM2612980","15"
"GSM2612981","15"
"GSM2612982","34"
"GSM2612986","39"
"GSM2612987","40"
"GSM2612988","40"
"GSM2612989","25"
"GSM2612990","24"
"GSM2612991","25"
"GSM2612992","35"
"GSM2612993","31"
"GSM2612994","31"
"GSM2612996","34"
"GSM2612997","35"
"GSM2612998","25"
"GSM2612999","35"
"GSM2613000","33"
"GSM2613001","34"
"GSM2613002","14"
"GSM2613003","35"
"GSM2613004","33"
"GSM2613005","30"
"GSM2613006","23"
"GSM2613008","15"
"GSM2613009","40"
"GSM2613010","34"
"GSM2613011","30"
"GSM2613013","26"
"GSM2613014","25"
"GSM2613015","31"
"GSM2613016","32"
"GSM2613017","35"
"GSM2613018","26"
"GSM2613019","35"
"GSM2613021","25"
"GSM2613022","39"
"GSM2613023","32"
"GSM2613024","40"
"GSM2613025","35"
"GSM2613026","28"
"GSM2613027","41"
"GSM2613028","26"
"GSM2613029","31"
"GSM2613030","26"
"GSM2613031","34"
"GSM2613033","15"
"GSM2613034","40"
"GSM2613035","34"
"GSM2613036","15"
"GSM2613038","39"
"GSM2613039","35"
"GSM2613041","25"
"GSM2613042","39"
"GSM2613043","28"
"GSM2613044","42"
"GSM2613045","34"
"GSM2613046","25"
"GSM2613047","34"
"GSM2613048","42"
"GSM2613049","15"
"GSM2613051","40"
"GSM2613052","42"
"GSM2613053","37"
"GSM2613054","34"
"GSM2613055","15"
"GSM2613056","24"
"GSM2613057","34"
"GSM2613058","40"
"GSM2613059","39"
"GSM2613060","24"
"GSM2613061","40"
"GSM2613062","25"
"GSM2613063","39"
"GSM2613064","25"
"GSM2613065","34"
"GSM2613066","34"
"GSM2613067","35"
"GSM2613068","24"
"GSM2613069","34"
"GSM2613070","42"
"GSM2613071","34"
"GSM2613074","15"
"GSM2613075","25"
"GSM2613076","25"
"GSM2613077","27"
"GSM2613078","35"
"GSM2613079","24"
"GSM2613081","37"
"GSM2613082","35"
"GSM2613083","39"
"GSM2613084","41"
"GSM2613085","31"
"GSM2613087","34"
"GSM2613088","15"
"GSM2613090","25"
"GSM2613091","42"
"GSM2613092","25"
"GSM2613093","25"
"GSM2613094","35"
"GSM2613095","34"
"GSM2613096","27"
"GSM2613097","26"
"GSM2613098","35"
"GSM2613099","26"
"GSM2613100","42"
"GSM2613102","34"
"GSM2613103","39"
"GSM2613104","26"
"GSM2613105","25"
"GSM2613106","41"
"GSM2613107","42"
"GSM2613108","39"
"GSM2613109","25"
"GSM2613110","42"
"GSM2613111","34"
"GSM2613112","37"
"GSM2613113","39"
"GSM2613114","25"
"GSM2613115","28"
"GSM2613117","42"
"GSM2613119","25"
"GSM2613120","35"
"GSM2613121","26"
"GSM2613122","23"
"GSM2613123","34"
"GSM2613124","26"
"GSM2613125","42"
"GSM2613126","31"
"GSM2613127","34"
"GSM2613128","35"
"GSM2613129","37"
"GSM2613130","32"
"GSM2613133","14"
"GSM2613134","35"
"GSM2613135","25"
"GSM2613136","25"
"GSM2613137","34"
"GSM2613138","39"
"GSM2613139","34"
"GSM2613141","35"
"GSM2613143","23"
"GSM2613144","34"
"GSM2613145","24"
"GSM2613146","25"
"GSM2613147","25"
"GSM2613148","39"
"GSM2613149","25"
"GSM2613150","15"
"GSM2613151","35"
"GSM2613152","35"
"GSM2613153","25"
"GSM2613154","39"
"GSM2613155","15"
"GSM2613156","34"
"GSM2613157","35"
"GSM2613158","34"
"GSM2613159","34"
"GSM2613160","33"
"GSM2613161","34"
"GSM2613162","34"
"GSM2613163","42"
"GSM2613164","30"
"GSM2613165","14"
"GSM2613166","35"
"GSM2613167","35"
"GSM2613168","34"
"GSM2613169","23"
"GSM2613170","35"
"GSM2613172","34"
"GSM2613174","42"
"GSM2613175","35"
"GSM2613176","32"
"GSM2613177","42"
"GSM2613178","34"
"GSM2613179","34"
"GSM2613180","35"
"GSM2613181","34"
"GSM2613182","31"
"GSM2613183","25"
"GSM2613185","33"
"GSM2613186","34"
"GSM2613187","28"
"GSM2613188","40"
"GSM2613189","27"
"GSM2613190","42"
"GSM2613191","24"
"GSM2613194","31"
"GSM2613195","28"
"GSM2613196","35"
"GSM2613197","39"
"GSM2613198","33"
"GSM2613199","37"
"GSM2613200","34"
"GSM2613201","42"
"GSM2613202","31"
"GSM2613203","35"
"GSM2613204","40"
"GSM2613205","32"
"GSM2613206","23"
"GSM2613208","34"
"GSM2613209","30"
"GSM2613210","35"
"GSM2613211","34"
"GSM2613212","23"
"GSM2613213","35"
"GSM2613215","25"
"GSM2613217","34"
"GSM2613218","31"
"GSM2613219","39"
"GSM2613221","25"
"GSM2613222","32"
"GSM2613223","39"
"GSM2613224","28"
"GSM2613225","31"
"GSM2613226","35"
"GSM2613228","42"
"GSM2613229","31"
"GSM2613231","37"
"GSM2613232","14"
"GSM2613233","34"
"GSM2613234","34"
"GSM2613236","25"
"GSM2613238","25"
"GSM2613239","34"
"GSM2613241","34"
"GSM2613242","42"
"GSM2613243","25"
"GSM2613244","33"
"GSM2613245","42"
"GSM2613246","40"
"GSM2613247","34"
"GSM2613248","25"
"GSM2613251","37"
"GSM2613252","25"
"GSM2613253","25"
"GSM2613254","35"
"GSM2613255","31"
"GSM2613256","40"
"GSM2613257","34"
"GSM2613259","37"
"GSM2613260","25"
"GSM2613261","25"
"GSM2613262","28"
"GSM2613263","30"
"GSM2613264","34"
"GSM2613265","40"
"GSM2613266","24"
"GSM2613267","37"
"GSM2613268","42"
"GSM2613269","27"
"GSM2613270","25"
"GSM2613271","26"
"GSM2613272","39"
"GSM2613273","34"
"GSM2613274","40"
"GSM2613275","40"
"GSM2613276","25"
"GSM2613277","30"
"GSM2613278","25"
"GSM2613280","14"
"GSM2613281","35"
"GSM2613282","25"
"GSM2613283","40"
"GSM2613284","39"
"GSM2613285","25"
"GSM2613286","23"
"GSM2613287","15"
"GSM2613288","35"
"GSM2613289","35"
"GSM2613290","40"
"GSM2613291","25"
"GSM2613292","26"
"GSM2613293","35"
"GSM2613294","34"
"GSM2613295","33"
"GSM2613296","26"
"GSM2613297","26"
"GSM2613298","36"
"GSM2613299","14"
"GSM2613300","39"
"GSM2613301","35"
"GSM2613303","37"
"GSM2613304","30"
"GSM2613305","14"
"GSM2613306","38"
"GSM2613307","37"
"GSM2613308","34"
"GSM2613310","25"
"GSM2613311","34"
"GSM2613312","23"
"GSM2613313","39"
"GSM2613314","35"
"GSM2613315","35"
"GSM2613316","26"
"GSM2613317","27"
"GSM2613318","14"
"GSM2613319","35"
"GSM2613320","25"
"GSM2613321","32"
"GSM2613322","15"
"GSM2613323","26"
"GSM2613324","39"
"GSM2613325","40"
"GSM2613326","39"
"GSM2613327","39"
"GSM2613328","28"
"GSM2613330","25"
"GSM2613331","14"
"GSM2613332","25"
"GSM2613333","15"
"GSM2613336","35"
"GSM2613337","37"
"GSM2613338","27"
"GSM2613339","42"
"GSM2613340","35"
"GSM2613342","37"
"GSM2613343","35"
"GSM2613344","39"
"GSM2613346","25"
"GSM2613347","39"
"GSM2613348","24"
"GSM2613349","27"
"GSM2613350","30"
"GSM2613351","40"
"GSM2613352","28"
"GSM2613353","37"
"GSM2613354","32"
"GSM2613355","25"
"GSM2613356","34"
"GSM2613357","34"
"GSM2613359","34"
"GSM2613360","35"
"GSM2613361","27"
"GSM2613362","35"
"GSM2613363","24"
"GSM2613364","35"
"GSM2613365","32"
"GSM2613366","25"
"GSM2613369","35"
"GSM2613370","34"
"GSM2613371","30"
"GSM2613372","41"
"GSM2613373","35"
"GSM2613374","42"
"GSM2613375","27"
"GSM2613376","35"
"GSM2613377","25"
"GSM2613378","34"
"GSM2613379","32"
"GSM2613380","42"
"GSM2613381","32"
"GSM2613382","35"
"GSM2613383","40"
"GSM2613384","34"
"GSM2613385","26"
"GSM2613386","42"
"GSM2613387","26"
"GSM2613388","35"
"GSM2613389","37"
"GSM2613391","26"
"GSM2613392","14"
"GSM2613393","35"
"GSM2613394","35"
"GSM2613395","37"
"GSM2613396","30"
"GSM2613397","28"
"GSM2613398","26"
"GSM2613399","26"
"GSM2613400","25"
"GSM2613401","40"
"GSM2613402","30"
"GSM2613403","40"
"GSM2613404","39"
"GSM2613405","35"
"GSM2613406","26"
"GSM2613407","37"
"GSM2613408","37"
"GSM2613409","37"
"GSM2613410","25"
"GSM2613411","35"
"GSM2613412","30"
"GSM2613414","39"
"GSM2613415","41"
"GSM2613416","25"
"GSM2613417","15"
"GSM2613419","30"
"GSM2613420","30"
"GSM2613421","37"
"GSM2613422","40"
"GSM2613423","37"
"GSM2613424","37"
"GSM2613425","35"
"GSM2613426","14"
"GSM2613427","31"
"GSM2613428","39"
"GSM2613429","35"
"GSM2613430","15"
"GSM2613431","32"
"GSM2613432","22"
"GSM2613433","40"
"GSM2613434","26"
"GSM2613435","40"
"GSM2613436","15"
"GSM2613437","35"
"GSM2613438","37"
"GSM2613439","30"
"GSM2613440","29"
"GSM2613441","15"
"GSM2613442","35"
"GSM2613443","25"
"GSM2613444","30"
"GSM2613445","25"
"GSM2613446","35"
"GSM2613447","35"
"GSM2613448","26"
"GSM2613449","26"
"GSM2613450","25"
"GSM2613451","25"
"GSM2613452","37"
"GSM2613453","25"
"GSM2613454","25"
"GSM2613455","37"
"GSM2613456","28"
"GSM2613457","30"
"GSM2613458","25"
"GSM2613459","25"
"GSM2613460","15"
"GSM2613461","37"
"GSM2613464","14"
"GSM2613465","30"
"GSM2613466","24"
"GSM2613467","39"
"GSM2613468","30"
"GSM2613469","40"
"GSM2613470","15"
"GSM2613471","35"
"GSM2613472","35"
"GSM2613474","25"
"GSM2613476","31"
"GSM2613477","37"
"GSM2613478","40"
"GSM2613479","14"
"GSM2613480","25"
"GSM2613481","31"
"GSM2613482","25"
"GSM2613483","14"
"GSM2613484","39"
"GSM2613486","40"
"GSM2613487","37"
"GSM2613488","36"
"GSM2613489","32"
"GSM2613490","26"
"GSM2613491","39"
"GSM2613492","30"
"GSM2613493","32"
"GSM2613494","37"
"GSM2613495","40"
"GSM2613496","14"
"GSM2613497","25"
"GSM2613498","15"
"GSM2613499","39"
"GSM2613501","42"
"GSM2613502","40"
"GSM2613503","25"
"GSM2613504","25"
"GSM2613505","39"
"GSM2613506","15"
"GSM2613507","39"
"GSM2613509","28"
"GSM2613510","39"
"GSM2613511","40"
"GSM2613512","36"
"GSM2613513","37"
"GSM2613514","30"
"GSM2613515","15"
"GSM2613516","40"
"GSM2613517","26"
"GSM2613518","35"
"GSM2613519","35"
"GSM2613520","35"
"GSM2613521","37"
"GSM2613523","35"
"GSM2613524","39"
"GSM2613525","15"
"GSM2613526","25"
"GSM2613527","39"
"GSM2613528","38"
"GSM2613529","31"
"GSM2613530","28"
"GSM2613532","39"
"GSM2613533","25"
"GSM2613534","42"
"GSM2613537","24"
"GSM2613538","37"
"GSM2613539","31"
"GSM2613541","35"
"GSM2613542","39"
"GSM2613543","40"
"GSM2613544","39"
"GSM2613545","37"
"GSM2613546","35"
"GSM2613547","39"
"GSM2613548","31"
"GSM2613549","37"
"GSM2613550","25"
"GSM2613551","33"
"GSM2613552","26"
"GSM2613553","25"
"GSM2613554","30"
"GSM2613555","33"
"GSM2613556","25"
"GSM2613557","31"
"GSM2613558","25"
"GSM2613559","25"
"GSM2613560","37"
"GSM2613561","25"
"GSM2613562","27"
"GSM2613563","35"
"GSM2613564","14"
"GSM2613565","40"
"GSM2613566","34"
"GSM2613567","35"
"GSM2613568","42"
"GSM2613569","35"
"GSM2613573","33"
"GSM2613574","25"
"GSM2613575","41"
"GSM2613576","14"
"GSM2613577","25"
"GSM2613578","35"
"GSM2613579","35"
"GSM2613580","25"
"GSM2613581","26"
"GSM2613582","35"
"GSM2613583","35"
"GSM2613584","28"
"GSM2613585","24"
"GSM2613586","39"
"GSM2613587","40"
"GSM2613589","25"
"GSM2613590","25"
"GSM2613591","30"
"GSM2613592","41"
"GSM2613593","25"
"GSM2613594","32"
"GSM2613595","15"
"GSM2613596","39"
"GSM2613597","28"
"GSM2613598","39"
"GSM2613600","28"
"GSM2613601","40"
"GSM2613602","30"
"GSM2613603","32"
"GSM2613604","30"
"GSM2613605","25"
"GSM2613606","35"
"GSM2613607","30"
"GSM2613608","26"
"GSM2613609","37"
"GSM2613611","37"
"GSM2613612","25"
"GSM2613613","34"
"GSM2613615","25"
"GSM2613616","26"
"GSM2613617","25"
"GSM2613618","25"
"GSM2613619","15"
"GSM2613620","35"
"GSM2613622","30"
"GSM2613624","25"
"GSM2613625","35"
"GSM2613626","39"
"GSM2613627","37"
"GSM2613628","33"
"GSM2613629","27"
"GSM2613630","36"
"GSM2613631","14"
"GSM2613632","27"
"GSM2613633","37"
"GSM2613634","25"
"GSM2613635","15"
"GSM2613636","14"
"GSM2613637","30"
"GSM2613638","30"
"GSM2613640","30"
"GSM2613641","39"
"GSM2613642","39"
"GSM2613643","39"
"GSM2613645","35"
"GSM2613646","30"
"GSM2613647","35"
"GSM2613648","25"
"GSM2613649","25"
"GSM2613650","31"
"GSM2613651","39"
"GSM2613652","35"
"GSM2613653","39"
"GSM2613654","39"
"GSM2613655","34"
"GSM2613656","29"
"GSM2613657","35"
"GSM2613658","25"
"GSM2613659","39"
"GSM2613660","35"
"GSM2613661","40"
"GSM2613662","40"
"GSM2613663","24"
"GSM2613664","15"
"GSM2613665","34"
"GSM2613666","40"
"GSM2613667","42"
"GSM2613668","15"
"GSM2613670","24"
"GSM2613671","39"
"GSM2613672","37"
"GSM2613673","35"
"GSM2613674","35"
"GSM2613675","35"
"GSM2613676","37"
"GSM2613677","35"
"GSM2613679","26"
"GSM2613680","35"
"GSM2613681","39"
"GSM2613682","37"
"GSM2613683","39"
"GSM2613684","35"
"GSM2613685","35"
"GSM2613686","37"
"GSM2613688","26"
"GSM2613689","25"
"GSM2613690","30"
"GSM2613692","25"
"GSM2613693","27"
"GSM2613694","40"
"GSM2613695","31"
"GSM2613696","35"
"GSM2613697","39"
"GSM2613698","31"
"GSM2613700","31"
"GSM2613701","35"
"GSM2613702","30"
"GSM2613703","40"
"GSM2613704","15"
"GSM2613705","30"
"GSM2613706","35"
"GSM2613707","26"
"GSM2613708","15"
"GSM2613709","38"
"GSM2613710","31"
"GSM2613711","39"
"GSM2613712","40"
"GSM2613713","15"
"GSM2613714","25"
"GSM2613715","31"
"GSM2613716","38"
"GSM2613719","30"
"GSM2613720","31"
"GSM2613722","25"
"GSM2613723","42"
"GSM2613724","42"
"GSM2613725","28"
"GSM2613727","25"
"GSM2613728","35"
"GSM2613729","32"
"GSM2613730","15"
"GSM2613731","15"
"GSM2613732","40"
"GSM2613733","25"
"GSM2613734","37"
"GSM2613735","37"
"GSM2613736","33"
"GSM2613737","37"
"GSM2613739","25"
"GSM2613740","30"
"GSM2613741","42"
"GSM2613742","37"
"GSM2613743","40"
"GSM2613744","30"
"GSM2613745","26"
"GSM2613746","42"
"GSM2613747","33"
"GSM2613748","35"
"GSM2613749","14"
"GSM2613750","40"
"GSM2613751","35"
"GSM2613752","35"
"GSM2613753","35"
"GSM2613754","35"
"GSM2613755","35"
"GSM2613756","35"
"GSM2613757","39"
"GSM2613758","35"
"GSM2613759","25"
"GSM2613760","35"
"GSM2613761","34"
"GSM2613762","30"
"GSM2613763","39"
"GSM2613764","28"
"GSM2613765","35"
"GSM2613766","14"
"GSM2613767","26"
"GSM2613768","42"
"GSM2613769","35"
"GSM2613770","26"
"GSM2613772","25"
"GSM2613773","26"
"GSM2613774","40"
"GSM2613775","29"
"GSM2613776","14"
"GSM2613777","34"
"GSM2613778","35"
"GSM2613779","26"
"GSM2613780","15"
"GSM2613781","40"
"GSM2613782","39"
"GSM2613783","35"
"GSM2613784","39"
"GSM2613785","26"
"GSM2613786","35"
"GSM2613787","24"
"GSM2613788","34"
"GSM2613789","35"
"GSM2613791","26"
"GSM2613792","34"
"GSM2613793","25"
"GSM2613794","30"
"GSM2613795","35"
"GSM2613798","35"
"GSM2613800","24"
"GSM2613801","40"
"GSM2613802","25"
"GSM2613803","30"
"GSM2613804","42"
"GSM2613805","35"
"GSM2613806","25"
"GSM2613807","34"
"GSM2613808","35"
"GSM2613809","40"
"GSM2613810","39"
"GSM2613812","28"
"GSM2613813","30"
"GSM2613814","35"
"GSM2613815","40"
"GSM2613816","24"
"GSM2613817","25"
"GSM2613818","37"
"GSM2613819","30"
"GSM2613820","25"
"GSM2613823","15"
"GSM2613824","39"
"GSM2613826","35"
"GSM2613827","40"
"GSM2613828","40"
"GSM2613829","24"
"GSM2613830","40"
"GSM2613831","37"
"GSM2613832","32"
"GSM2613833","25"
"GSM2613834","37"
"GSM2613835","35"
"GSM2613836","30"
"GSM2613837","26"
"GSM2613839","38"
"GSM2613840","25"
"GSM2613841","28"
"GSM2613842","39"
"GSM2613843","25"
"GSM2613844","28"
"GSM2613845","25"
"GSM2613846","37"
"GSM2613847","35"
"GSM2613848","35"
"GSM2613849","40"
"GSM2613850","39"
"GSM2613851","35"
"GSM2613853","40"
"GSM2613854","37"
"GSM2613855","25"
"GSM2613856","30"
"GSM2613857","30"
"GSM2613858","36"
"GSM2613859","35"
"GSM2613860","39"
"GSM2613861","35"
"GSM2613862","40"
"GSM2613863","25"
"GSM2613864","40"
"GSM2613866","15"
"GSM2613867","40"
"GSM2613869","35"
"GSM2613871","25"
"GSM2613873","37"
"GSM2613874","15"
"GSM2613875","35"
"GSM2613876","35"
"GSM2613877","25"
"GSM2613878","39"
"GSM2613879","15"
"GSM2613880","42"
"GSM2613881","40"
"GSM2613882","36"
"GSM2613883","31"
"GSM2613884","39"
"GSM2613885","15"
"GSM2613886","34"
"GSM2613887","34"
"GSM2613888","35"
"GSM2613889","25"
"GSM2613890","15"
"GSM2613891","39"
"GSM2613892","14"
"GSM2613893","25"
"GSM2613894","38"
"GSM2613895","40"
"GSM2613896","25"
"GSM2613897","35"
"GSM2613899","37"
"GSM2613900","37"
"GSM2613901","39"
"GSM2613902","39"
"GSM2613903","39"
"GSM2613904","35"
"GSM2613905","31"
"GSM2613906","40"
"GSM2613907","26"
"GSM2613908","39"
"GSM2613909","30"
"GSM2613910","35"
"GSM2613912","38"
"GSM2613913","42"
"GSM2613914","25"
"GSM2613915","25"
"GSM2613916","38"
"GSM2613917","36"
"GSM2613918","15"
"GSM2613919","37"
"GSM2613920","39"
"GSM2613921","37"
"GSM2613922","30"
"GSM2613923","28"
"GSM2613924","37"
"GSM2613925","25"
"GSM2613926","25"
"GSM2613927","37"
"GSM2613929","35"
"GSM2613930","36"
"GSM2613931","39"
"GSM2613932","31"
"GSM2613934","40"
"GSM2613935","33"
"GSM2613936","35"
"GSM2613937","24"
"GSM2613938","34"
"GSM2613939","30"
"GSM2613940","39"
"GSM2613941","25"
"GSM2613942","35"
"GSM2613943","30"
"GSM2613944","28"
"GSM2613945","25"
"GSM2613946","39"
"GSM2613947","40"
"GSM2613948","28"
"GSM2613949","25"
"GSM2613950","35"
"GSM2613951","14"
"GSM2613952","33"
"GSM2613953","35"
"GSM2613954","26"
"GSM2613955","39"
"GSM2613956","15"
"GSM2613957","25"
"GSM2613958","40"
"GSM2613959","38"
"GSM2613960","28"
"GSM2613961","34"
"GSM2613962","40"
"GSM2613963","34"
"GSM2613964","25"
"GSM2613965","35"
"GSM2613966","39"
"GSM2613967","25"
"GSM2613968","24"
"GSM2613969","26"
"GSM2613970","39"
"GSM2613971","42"
"GSM2613972","25"
"GSM2613973","31"
"GSM2613974","25"
"GSM2613976","42"
"GSM2613977","39"
"GSM2613978","39"
"GSM2613979","39"
"GSM2613980","25"
"GSM2613981","38"
"GSM2613982","15"
"GSM2613983","25"
"GSM2613984","6"
"GSM2613985","8"
"GSM2613986","6"
"GSM2613987","11"
"GSM2613988","2"
"GSM2613989","9"
"GSM2613990","6"
"GSM2613992","13"
"GSM2613993","7"
"GSM2613994","4"
"GSM2613995","3"
"GSM2613996","4"
"GSM2613997","4"
"GSM2613998","9"
"GSM2613999","6"
"GSM2614000","6"
"GSM2614002","3"
"GSM2614003","6"
"GSM2614004","16"
"GSM2614005","9"
"GSM2614007","9"
"GSM2614008","3"
"GSM2614009","6"
"GSM2614010","7"
"GSM2614011","6"
"GSM2614012","6"
"GSM2614013","1"
"GSM2614014","3"
"GSM2614015","12"
"GSM2614016","2"
"GSM2614017","3"
"GSM2614018","20"
"GSM2614020","6"
"GSM2614021","5"
"GSM2614023","8"
"GSM2614024","6"
"GSM2614025","13"
"GSM2614026","5"
"GSM2614027","9"
"GSM2614028","16"
"GSM2614029","2"
"GSM2614030","1"
"GSM2614031","3"
"GSM2614032","6"
"GSM2614033","9"
"GSM2614034","20"
"GSM2614035","6"
"GSM2614036","9"
"GSM2614037","3"
"GSM2614038","6"
"GSM2614039","3"
"GSM2614040","5"
"GSM2614041","7"
"GSM2614042","20"
"GSM2614043","6"
"GSM2614044","9"
"GSM2614045","13"
"GSM2614046","6"
"GSM2614048","6"
"GSM2614049","6"
"GSM2614050","21"
"GSM2614051","5"
"GSM2614052","3"
"GSM2614053","9"
"GSM2614054","13"
"GSM2614055","4"
"GSM2614056","9"
"GSM2614057","1"
"GSM2614058","30"
"GSM2614059","11"
"GSM2614060","21"
"GSM2614061","11"
"GSM2614062","3"
"GSM2614063","9"
"GSM2614064","11"
"GSM2614065","16"
"GSM2614066","16"
"GSM2614067","4"
"GSM2614068","6"
"GSM2614069","16"
"GSM2614070","6"
"GSM2614071","5"
"GSM2614072","9"
"GSM2614073","6"
"GSM2614074","21"
"GSM2614075","3"
"GSM2614076","1"
"GSM2614077","5"
"GSM2614078","4"
"GSM2614079","9"
"GSM2614080","3"
"GSM2614081","16"
"GSM2614082","5"
"GSM2614083","5"
"GSM2614084","8"
"GSM2614085","3"
"GSM2614086","9"
"GSM2614087","6"
"GSM2614088","21"
"GSM2614089","2"
"GSM2614090","13"
"GSM2614091","3"
"GSM2614092","6"
"GSM2614093","5"
"GSM2614095","1"
"GSM2614096","5"
"GSM2614097","9"
"GSM2614098","1"
"GSM2614099","4"
"GSM2614100","9"
"GSM2614101","13"
"GSM2614102","9"
"GSM2614103","3"
"GSM2614105","4"
"GSM2614106","1"
"GSM2614107","6"
"GSM2614108","20"
"GSM2614109","20"
"GSM2614110","1"
"GSM2614111","7"
"GSM2614112","16"
"GSM2614113","2"
"GSM2614114","1"
"GSM2614115","5"
"GSM2614116","12"
"GSM2614117","8"
"GSM2614118","9"
"GSM2614119","9"
"GSM2614120","3"
"GSM2614121","1"
"GSM2614122","5"
"GSM2614123","20"
"GSM2614124","3"
"GSM2614125","2"
"GSM2614126","3"
"GSM2614127","12"
"GSM2614128","16"
"GSM2614129","2"
"GSM2614130","8"
"GSM2614131","8"
"GSM2614132","3"
"GSM2614133","8"
"GSM2614134","12"
"GSM2614135","20"
"GSM2614136","3"
"GSM2614137","3"
"GSM2614138","6"
"GSM2614139","3"
"GSM2614140","1"
"GSM2614141","3"
"GSM2614142","6"
"GSM2614143","6"
"GSM2614144","9"
"GSM2614145","8"
"GSM2614146","8"
"GSM2614147","1"
"GSM2614148","5"
"GSM2614149","8"
"GSM2614150","20"
"GSM2614151","21"
"GSM2614152","2"
"GSM2614153","1"
"GSM2614154","4"
"GSM2614155","1"
"GSM2614156","20"
"GSM2614157","16"
"GSM2614158","6"
"GSM2614159","3"
"GSM2614161","2"
"GSM2614162","9"
"GSM2614163","5"
"GSM2614164","1"
"GSM2614165","5"
"GSM2614166","5"
"GSM2614167","1"
"GSM2614168","16"
"GSM2614169","13"
"GSM2614170","20"
"GSM2614171","21"
"GSM2614172","6"
"GSM2614173","11"
"GSM2614174","3"
"GSM2614175","20"
"GSM2614176","3"
"GSM2614177","5"
"GSM2614178","6"
"GSM2614179","8"
"GSM2614180","3"
"GSM2614181","8"
"GSM2614182","2"
"GSM2614183","2"
"GSM2614184","6"
"GSM2614185","1"
"GSM2614186","9"
"GSM2614187","6"
"GSM2614188","13"
"GSM2614189","6"
"GSM2614190","13"
"GSM2614191","16"
"GSM2614192","9"
"GSM2614193","11"
"GSM2614194","3"
"GSM2614195","6"
"GSM2614196","4"
"GSM2614197","9"
"GSM2614198","5"
"GSM2614200","11"
"GSM2614201","5"
"GSM2614202","20"
"GSM2614203","6"
"GSM2614204","6"
"GSM2614205","12"
"GSM2614206","1"
"GSM2614207","4"
"GSM2614208","6"
"GSM2614209","6"
"GSM2614210","9"
"GSM2614211","16"
"GSM2614212","16"
"GSM2614213","6"
"GSM2614214","8"
"GSM2614215","16"
"GSM2614216","6"
"GSM2614217","16"
"GSM2614218","3"
"GSM2614219","5"
"GSM2614220","9"
"GSM2614221","21"
"GSM2614222","6"
"GSM2614223","9"
"GSM2614224","12"
"GSM2614226","21"
"GSM2614227","6"
"GSM2614228","2"
"GSM2614229","16"
"GSM2614230","12"
"GSM2614231","16"
"GSM2614232","2"
"GSM2614233","4"
"GSM2614234","20"
"GSM2614235","9"
"GSM2614236","1"
"GSM2614237","5"
"GSM2614238","1"
"GSM2614240","8"
"GSM2614241","16"
"GSM2614242","9"
"GSM2614243","20"
"GSM2614244","12"
"GSM2614245","6"
"GSM2614246","6"
"GSM2614247","20"
"GSM2614248","3"
"GSM2614249","3"
"GSM2614250","3"
"GSM2614251","16"
"GSM2614252","6"
"GSM2614253","4"
"GSM2614254","9"
"GSM2614255","1"
"GSM2614256","7"
"GSM2614257","5"
"GSM2614258","5"
"GSM2614259","6"
"GSM2614260","8"
"GSM2614261","1"
"GSM2614262","6"
"GSM2614263","6"
"GSM2614264","8"
"GSM2614265","21"
"GSM2614267","1"
"GSM2614268","16"
"GSM2614269","3"
"GSM2614270","5"
"GSM2614271","3"
"GSM2614272","8"
"GSM2614273","12"
"GSM2614274","6"
"GSM2614275","2"
"GSM2614276","9"
"GSM2614277","6"
"GSM2614278","9"
"GSM2614279","11"
"GSM2614280","6"
"GSM2614281","3"
"GSM2614282","2"
"GSM2614283","1"
"GSM2614284","13"
"GSM2614285","16"
"GSM2614286","3"
"GSM2614287","5"
"GSM2614288","16"
"GSM2614289","9"
"GSM2614290","3"
"GSM2614291","9"
"GSM2614292","3"
"GSM2614293","3"
"GSM2614294","4"
"GSM2614295","7"
"GSM2614296","3"
"GSM2614297","6"
"GSM2614298","5"
"GSM2614300","6"
"GSM2614301","16"
"GSM2614302","13"
"GSM2614303","5"
"GSM2614304","3"
"GSM2614305","2"
"GSM2614306","13"
"GSM2614307","5"
"GSM2614308","21"
"GSM2614309","2"
"GSM2614310","16"
"GSM2614311","1"
"GSM2614312","3"
"GSM2614313","11"
"GSM2614315","2"
"GSM2614316","2"
"GSM2614317","11"
"GSM2614318","3"
"GSM2614319","9"
"GSM2614320","9"
"GSM2614321","13"
"GSM2614322","6"
"GSM2614323","9"
"GSM2614324","5"
"GSM2614325","9"
"GSM2614326","16"
"GSM2614328","1"
"GSM2614330","5"
"GSM2614331","13"
"GSM2614332","11"
"GSM2614333","4"
"GSM2614334","4"
"GSM2614335","5"
"GSM2614336","9"
"GSM2614338","38"
"GSM2614339","21"
"GSM2614340","16"
"GSM2614341","4"
"GSM2614342","21"
"GSM2614343","6"
"GSM2614344","5"
"GSM2614345","3"
"GSM2614346","4"
"GSM2614347","9"
"GSM2614348","13"
"GSM2614349","5"
"GSM2614350","7"
"GSM2614351","3"
"GSM2614352","5"
"GSM2614353","2"
"GSM2614354","13"
"GSM2614355","9"
"GSM2614356","8"
"GSM2614357","1"
"GSM2614358","6"
"GSM2614359","3"
"GSM2614360","3"
"GSM2614361","5"
"GSM2614362","5"
"GSM2614363","2"
"GSM2614364","6"
"GSM2614365","2"
"GSM2614366","20"
"GSM2614367","16"
"GSM2614368","4"
"GSM2614369","16"
"GSM2614370","2"
"GSM2614371","11"
"GSM2614373","3"
"GSM2614374","3"
"GSM2614375","4"
"GSM2614376","13"
"GSM2614378","16"
"GSM2614379","16"
"GSM2614380","1"
"GSM2614381","3"
"GSM2614382","3"
"GSM2614384","8"
"GSM2614385","1"
"GSM2614386","5"
"GSM2614387","3"
"GSM2614388","8"
"GSM2614391","5"
"GSM2614392","5"
"GSM2614393","16"
"GSM2614394","3"
"GSM2614395","3"
"GSM2614396","6"
"GSM2614397","3"
"GSM2614398","13"
"GSM2614399","4"
"GSM2614400","20"
"GSM2614401","12"
"GSM2614402","1"
"GSM2614403","3"
"GSM2614404","5"
"GSM2614405","3"
"GSM2614406","4"
"GSM2614407","7"
"GSM2614408","7"
"GSM2614409","1"
"GSM2614410","3"
"GSM2614411","5"
"GSM2614412","3"
"GSM2614413","13"
"GSM2614414","9"
"GSM2614415","3"
"GSM2614416","21"
"GSM2614417","9"
"GSM2614418","1"
"GSM2614419","5"
"GSM2614420","6"
"GSM2614421","38"
"GSM2614422","16"
"GSM2614423","8"
"GSM2614424","6"
"GSM2614425","3"
"GSM2614426","8"
"GSM2614427","2"
"GSM2614428","6"
"GSM2614429","16"
"GSM2614430","3"
"GSM2614431","6"
"GSM2614432","12"
"GSM2614433","20"
"GSM2614434","6"
"GSM2614435","1"
"GSM2614436","12"
"GSM2614438","3"
"GSM2614439","3"
"GSM2614440","6"
"GSM2614441","5"
"GSM2614442","9"
"GSM2614443","8"
"GSM2614444","3"
"GSM2614445","13"
"GSM2614446","5"
"GSM2614447","6"
"GSM2614448","1"
"GSM2614450","16"
"GSM2614451","11"
"GSM2614453","3"
"GSM2614454","5"
"GSM2614455","3"
"GSM2614456","3"
"GSM2614457","3"
"GSM2614458","11"
"GSM2614459","1"
"GSM2614460","5"
"GSM2614461","3"
"GSM2614462","11"
"GSM2614463","9"
"GSM2614464","6"
"GSM2614465","13"
"GSM2614466","9"
"GSM2614467","6"
"GSM2614468","3"
"GSM2614469","13"
"GSM2614470","3"
"GSM2614471","5"
"GSM2614472","6"
"GSM2614473","9"
"GSM2614474","4"
"GSM2614475","3"
"GSM2614476","5"
"GSM2614477","12"
"GSM2614478","2"
"GSM2614479","5"
"GSM2614480","3"
"GSM2614481","6"
"GSM2614482","20"
"GSM2614483","3"
"GSM2614484","9"
"GSM2614485","5"
"GSM2614486","13"
"GSM2614487","5"
"GSM2614488","20"
"GSM2614489","3"
"GSM2614490","3"
"GSM2614491","3"
"GSM2614492","8"
"GSM2614493","4"
"GSM2614494","2"
"GSM2614495","8"
"GSM2614496","20"
"GSM2614497","11"
"GSM2614498","3"
"GSM2614499","6"
"GSM2614500","3"
"GSM2614501","21"
"GSM2614502","20"
"GSM2614503","21"
"GSM2614504","4"
"GSM2614505","1"
"GSM2614506","1"
"GSM2614507","5"
"GSM2614508","1"
"GSM2614509","1"
"GSM2614510","1"
"GSM2614511","9"
"GSM2614512","6"
"GSM2614513","3"
"GSM2614514","3"
"GSM2614515","1"
"GSM2614516","3"
"GSM2614517","1"
"GSM2614518","6"
"GSM2614519","8"
"GSM2614520","6"
"GSM2614521","9"
"GSM2614522","5"
"GSM2614523","4"
"GSM2614524","1"
"GSM2614525","21"
"GSM2614526","3"
"GSM2614527","6"
"GSM2614528","21"
"GSM2614529","3"
"GSM2614530","13"
"GSM2614531","12"
"GSM2614532","5"
"GSM2614534","3"
"GSM2614535","1"
"GSM2614536","3"
"GSM2614537","13"
"GSM2614538","1"
"GSM2614539","4"
"GSM2614540","20"
"GSM2614541","13"
"GSM2614542","7"
"GSM2614543","3"
"GSM2614544","3"
"GSM2614545","3"
"GSM2614546","9"
"GSM2614547","6"
"GSM2614548","16"
"GSM2614549","5"
"GSM2614550","16"
"GSM2614551","13"
"GSM2614552","12"
"GSM2614554","1"
"GSM2614555","6"
"GSM2614556","5"
"GSM2614557","20"
"GSM2614558","5"
"GSM2614559","16"
"GSM2614560","11"
"GSM2614561","9"
"GSM2614562","2"
"GSM2614563","3"
"GSM2614564","1"
"GSM2614565","20"
"GSM2614566","16"
"GSM2614567","7"
"GSM2614568","6"
"GSM2614569","20"
"GSM2614570","6"
"GSM2614571","1"
"GSM2614572","3"
"GSM2614573","3"
"GSM2614574","6"
"GSM2614575","20"
"GSM2614576","1"
"GSM2614577","1"
"GSM2614578","16"
"GSM2614579","8"
"GSM2614580","19"
"GSM2614581","16"
"GSM2614582","13"
"GSM2614583","5"
"GSM2614584","13"
"GSM2614585","1"
"GSM2614586","6"
"GSM2614587","21"
"GSM2614588","6"
"GSM2614589","3"
"GSM2614590","5"
"GSM2614591","1"
"GSM2614593","20"
"GSM2614594","2"
"GSM2614595","7"
"GSM2614596","1"
"GSM2614598","4"
"GSM2614599","1"
"GSM2614600","11"
"GSM2614601","11"
"GSM2614602","12"
"GSM2614603","3"
"GSM2614604","5"
"GSM2614605","3"
"GSM2614607","13"
"GSM2614608","16"
"GSM2614609","9"
"GSM2614610","1"
"GSM2614611","16"
"GSM2614612","6"
"GSM2614613","6"
"GSM2614614","16"
"GSM2614615","6"
"GSM2614616","20"
"GSM2614618","20"
"GSM2614619","5"
"GSM2614620","16"
"GSM2614621","3"
"GSM2614622","1"
"GSM2614623","9"
"GSM2614624","1"
"GSM2614625","1"
"GSM2614626","3"
"GSM2614627","3"
"GSM2614629","13"
"GSM2614630","9"
"GSM2614631","12"
"GSM2614632","16"
"GSM2614633","3"
"GSM2614634","12"
"GSM2614635","6"
"GSM2614636","4"
"GSM2614637","13"
"GSM2614638","5"
"GSM2614639","1"
"GSM2614640","3"
"GSM2614641","6"
"GSM2614643","11"
"GSM2614644","16"
"GSM2614645","9"
"GSM2614646","3"
"GSM2614647","16"
"GSM2614649","9"
"GSM2614650","11"
"GSM2614651","20"
"GSM2614652","1"
"GSM2614653","4"
"GSM2614654","3"
"GSM2614655","5"
"GSM2614656","11"
"GSM2614657","12"
"GSM2614658","3"
"GSM2614659","3"
"GSM2614660","1"
"GSM2614661","13"
"GSM2614662","5"
"GSM2614663","3"
"GSM2614664","13"
"GSM2614665","3"
"GSM2614666","2"
"GSM2614667","2"
"GSM2614668","3"
"GSM2614669","3"
"GSM2614670","3"
"GSM2614671","13"
"GSM2614672","3"
"GSM2614673","5"
"GSM2614674","4"
"GSM2614675","9"
"GSM2614676","7"
"GSM2614677","20"
"GSM2614678","2"
"GSM2614679","8"
"GSM2614680","7"
"GSM2614681","7"
"GSM2614682","16"
"GSM2614683","16"
"GSM2614684","7"
"GSM2614685","1"
"GSM2614686","3"
"GSM2614687","3"
"GSM2614688","3"
"GSM2614689","4"
"GSM2614690","12"
"GSM2614691","3"
"GSM2614692","6"
"GSM2614693","1"
"GSM2614694","6"
"GSM2614695","1"
"GSM2614696","5"
"GSM2614698","6"
"GSM2614699","5"
"GSM2614700","6"
"GSM2614701","13"
"GSM2614702","11"
"GSM2614703","1"
"GSM2614704","4"
"GSM2614705","6"
"GSM2614706","3"
"GSM2614707","13"
"GSM2614708","3"
"GSM2614709","6"
"GSM2614711","21"
"GSM2614712","16"
"GSM2614713","11"
"GSM2614714","21"
"GSM2614715","2"
"GSM2614716","20"
"GSM2614717","7"
"GSM2614718","5"
"GSM2614719","1"
"GSM2614720","11"
"GSM2614721","5"
"GSM2614724","1"
"GSM2614725","2"
"GSM2614726","6"
"GSM2614727","6"
"GSM2614729","16"
"GSM2614730","1"
"GSM2614731","1"
"GSM2614732","16"
"GSM2614733","2"
"GSM2614734","11"
"GSM2614735","2"
"GSM2614736","3"
"GSM2614738","22"
"GSM2614739","6"
"GSM2614741","4"
"GSM2614742","1"
"GSM2614743","6"
"GSM2614744","20"
"GSM2614746","3"
"GSM2614747","12"
"GSM2614748","4"
"GSM2614749","9"
"GSM2614750","16"
"GSM2614751","3"
"GSM2614752","3"
"GSM2614753","3"
"GSM2614754","5"
"GSM2614755","6"
"GSM2614756","2"
"GSM2614757","1"
"GSM2614758","13"
"GSM2614759","20"
"GSM2614760","2"
"GSM2614761","3"
"GSM2614762","16"
"GSM2614764","6"
"GSM2614765","4"
"GSM2614766","9"
"GSM2614767","1"
"GSM2614768","5"
"GSM2614769","1"
"GSM2614770","6"
"GSM2614771","3"
"GSM2614772","12"
"GSM2614774","2"
"GSM2614775","8"
"GSM2614776","20"
"GSM2614777","4"
"GSM2614778","8"
"GSM2614779","2"
"GSM2614780","3"
"GSM2614781","1"
"GSM2614782","3"
"GSM2614783","12"
"GSM2614784","20"
"GSM2614785","8"
"GSM2614786","9"
"GSM2614787","3"
"GSM2614788","3"
"GSM2614789","5"
"GSM2614790","1"
"GSM2614791","5"
"GSM2614792","1"
"GSM2614793","11"
"GSM2614794","13"
"GSM2614795","13"
"GSM2614796","4"
"GSM2614797","7"
"GSM2614798","3"
"GSM2614799","4"
"GSM2614800","4"
"GSM2614801","3"
"GSM2614802","2"
"GSM2614803","11"
"GSM2614804","16"
"GSM2614805","3"
"GSM2614806","21"
"GSM2614807","1"
"GSM2614808","1"
"GSM2614809","6"
"GSM2614810","3"
"GSM2614811","6"
"GSM2614812","11"
"GSM2614813","6"
"GSM2614814","1"
"GSM2614815","3"
"GSM2614816","5"
"GSM2614817","5"
"GSM2614818","2"
"GSM2614819","20"
"GSM2614820","21"
"GSM2614821","13"
"GSM2614822","11"
"GSM2614823","3"
"GSM2614824","20"
"GSM2614825","3"
"GSM2614826","1"
"GSM2614827","20"
"GSM2614828","16"
"GSM2614829","13"
"GSM2614830","4"
"GSM2614831","2"
"GSM2614832","13"
"GSM2614833","6"
"GSM2614834","5"
"GSM2614835","20"
"GSM2614836","9"
"GSM2614837","1"
"GSM2614838","3"
"GSM2614839","20"
"GSM2614840","13"
"GSM2614841","1"
"GSM2614842","6"
"GSM2614843","3"
"GSM2614844","1"
"GSM2614845","1"
"GSM2614846","12"
"GSM2614847","13"
"GSM2614848","16"
"GSM2614849","3"
"GSM2614850","6"
"GSM2614851","7"
"GSM2614852","9"
"GSM2614853","1"
"GSM2614854","11"
"GSM2614855","3"
"GSM2614856","11"
"GSM2614857","5"
"GSM2614858","3"
"GSM2614860","6"
"GSM2614861","4"
"GSM2614862","1"
"GSM2614864","3"
"GSM2614865","5"
"GSM2614866","1"
"GSM2614869","9"
"GSM2614870","3"
"GSM2614871","4"
"GSM2614872","8"
"GSM2614873","11"
"GSM2614874","6"
"GSM2614875","3"
"GSM2614876","9"
"GSM2614877","3"
"GSM2614878","3"
"GSM2614879","16"
"GSM2614880","12"
"GSM2614881","6"
"GSM2614882","6"
"GSM2614883","9"
"GSM2614884","22"
"GSM2614885","12"
"GSM2614886","3"
"GSM2614887","1"
"GSM2614888","5"
"GSM2614889","12"
"GSM2614890","6"
"GSM2614891","3"
"GSM2614892","13"
"GSM2614893","1"
"GSM2614894","3"
"GSM2614895","3"
"GSM2614896","3"
"GSM2614897","20"
"GSM2614898","4"
"GSM2614899","3"
"GSM2614900","9"
"GSM2614901","5"
"GSM2614902","5"
"GSM2614904","6"
"GSM2614905","1"
"GSM2614906","8"
"GSM2614907","13"
"GSM2614908","5"
"GSM2614909","16"
"GSM2614910","4"
"GSM2614911","11"
"GSM2614912","16"
"GSM2614913","1"
"GSM2614914","4"
"GSM2614915","9"
"GSM2614917","9"
"GSM2614918","4"
"GSM2614919","16"
"GSM2614920","9"
"GSM2614921","13"
"GSM2614922","1"
"GSM2614923","13"
"GSM2614924","1"
"GSM2614925","5"
"GSM2614926","9"
"GSM2614927","5"
"GSM2614928","5"
"GSM2614929","21"
"GSM2614931","16"
"GSM2614932","3"
"GSM2614933","1"
"GSM2614934","3"
"GSM2614935","12"
"GSM2614936","5"
"GSM2614939","8"
"GSM2614940","9"
"GSM2614941","1"
"GSM2614942","5"
"GSM2614944","20"
"GSM2614945","1"
"GSM2614946","6"
"GSM2614947","5"
"GSM2614948","2"
"GSM2614949","1"
"GSM2614951","16"
"GSM2614952","3"
"GSM2614953","1"
"GSM2614954","13"
"GSM2614955","4"
"GSM2614956","6"
"GSM2614957","1"
"GSM2614958","1"
"GSM2614959","1"
"GSM2614960","16"
"GSM2614961","20"
"GSM2614962","16"
"GSM2614963","6"
"GSM2614964","11"
"GSM2614965","2"
"GSM2614966","1"
"GSM2614967","20"
"GSM2614969","6"
"GSM2614970","6"
"GSM2614971","3"
"GSM2614972","1"
"GSM2614973","6"
"GSM2614974","6"
"GSM2614976","8"
"GSM2614977","6"
"GSM2614978","13"
"GSM2614980","6"
"GSM2614981","1"
"GSM2614982","4"
"GSM2614983","5"
"GSM2614984","3"
"GSM2614985","7"
"GSM2614986","3"
"GSM2614987","8"
"GSM2614988","9"
"GSM2614989","6"
"GSM2614990","1"
"GSM2614991","3"
"GSM2614992","3"
"GSM2614993","12"
"GSM2614994","7"
"GSM2614996","13"
"GSM2614997","4"
"GSM2614998","4"
"GSM2614999","3"
"GSM2615000","2"
"GSM2615001","3"
"GSM2615002","13"
"GSM2615003","16"
"GSM2615004","4"
"GSM2615005","6"
"GSM2615006","2"
"GSM2615007","20"
"GSM2615008","8"
"GSM2615009","8"
"GSM2615010","20"
"GSM2615011","13"
"GSM2615012","4"
"GSM2615013","6"
"GSM2615014","1"
"GSM2615015","6"
"GSM2615016","3"
"GSM2615017","5"
"GSM2615018","5"
"GSM2615019","16"
"GSM2615020","7"
"GSM2615021","3"
"GSM2615023","21"
"GSM2615024","3"
"GSM2615025","1"
"GSM2615026","8"
"GSM2615027","20"
"GSM2615028","4"
"GSM2615029","21"
"GSM2615030","2"
"GSM2615031","3"
"GSM2615032","6"
"GSM2615033","1"
"GSM2615034","3"
"GSM2615035","3"
"GSM2615036","12"
"GSM2615037","22"
"GSM2615038","20"
"GSM2615039","9"
"GSM2615040","12"
"GSM2615042","6"
"GSM2615043","5"
"GSM2615044","21"
"GSM2615045","12"
"GSM2615046","1"
"GSM2615047","16"
"GSM2615048","16"
"GSM2615049","2"
"GSM2615050","1"
"GSM2615051","20"
"GSM2615052","21"
"GSM2615053","1"
"GSM2615054","3"
"GSM2615055","3"
"GSM2615056","3"
"GSM2615057","4"
"GSM2615058","12"
"GSM2615059","6"
"GSM2615060","1"
"GSM2615061","2"
"GSM2615062","20"
"GSM2615063","1"
"GSM2615064","1"
"GSM2615065","6"
"GSM2615066","1"
"GSM2615067","7"
"GSM2615068","7"
"GSM2615069","16"
"GSM2615070","4"
"GSM2615071","3"
"GSM2615072","7"
"GSM2615073","13"
"GSM2615074","7"
"GSM2615075","12"
"GSM2615076","6"
"GSM2615077","3"
"GSM2615078","13"
"GSM2615079","8"
"GSM2615080","1"
"GSM2615081","2"
"GSM2615082","20"
"GSM2615083","16"
"GSM2615084","13"
"GSM2615085","13"
"GSM2615086","2"
"GSM2615087","1"
"GSM2615088","6"
"GSM2615089","5"
"GSM2615090","1"
"GSM2615091","3"
"GSM2615092","20"
"GSM2615094","3"
"GSM2615095","16"
"GSM2615096","11"
"GSM2615097","8"
"GSM2615098","12"
"GSM2615099","7"
"GSM2615100","1"
"GSM2615101","5"
"GSM2615102","2"
"GSM2615103","1"
"GSM2615104","3"
"GSM2615105","7"
"GSM2615106","1"
"GSM2615107","20"
"GSM2615108","3"
"GSM2615109","5"
"GSM2615110","9"
"GSM2615111","9"
"GSM2615112","3"
"GSM2615113","2"
"GSM2615114","3"
"GSM2615115","3"
"GSM2615116","1"
"GSM2615117","5"
"GSM2615118","3"
"GSM2615119","16"
"GSM2615120","5"
"GSM2615121","16"
"GSM2615122","8"
"GSM2615123","16"
"GSM2615124","3"
"GSM2615125","3"
"GSM2615126","6"
"GSM2615127","1"
"GSM2615128","3"
"GSM2615129","1"
"GSM2615130","7"
"GSM2615131","7"
"GSM2615132","7"
"GSM2615133","9"
"GSM2615134","9"
"GSM2615135","7"
"GSM2615136","3"
"GSM2615137","20"
"GSM2615138","1"
"GSM2615139","3"
"GSM2615140","16"
"GSM2615141","6"
"GSM2615143","5"
"GSM2615144","6"
"GSM2615145","11"
"GSM2615146","3"
"GSM2615147","4"
"GSM2615148","21"
"GSM2615149","3"
"GSM2615150","21"
"GSM2615151","6"
"GSM2615152","3"
"GSM2615153","6"
"GSM2615154","3"
"GSM2615155","21"
"GSM2615156","4"
"GSM2615157","16"
"GSM2615158","3"
"GSM2615159","2"
"GSM2615160","4"
"GSM2615161","3"
"GSM2615162","5"
"GSM2615163","12"
"GSM2615164","20"
"GSM2615165","11"
"GSM2615166","2"
"GSM2615167","11"
"GSM2615168","7"
"GSM2615169","7"
"GSM2615170","1"
"GSM2615171","1"
"GSM2615172","1"
"GSM2615173","1"
"GSM2615174","9"
"GSM2615175","6"
"GSM2615176","12"
"GSM2615177","20"
"GSM2615178","12"
"GSM2615179","6"
"GSM2615180","9"
"GSM2615181","21"
"GSM2615182","1"
"GSM2615183","3"
"GSM2615184","21"
"GSM2615185","16"
"GSM2615186","6"
"GSM2615187","1"
"GSM2615188","1"
"GSM2615189","20"
"GSM2615190","9"
"GSM2615191","3"
"GSM2615192","1"
"GSM2615193","5"
"GSM2615194","3"
"GSM2615195","8"
"GSM2615196","1"
"GSM2615197","9"
"GSM2615198","6"
"GSM2615199","3"
"GSM2615200","1"
"GSM2615201","6"
"GSM2615202","6"
"GSM2615203","1"
"GSM2615204","1"
"GSM2615205","11"
"GSM2615206","9"
"GSM2615207","1"
"GSM2615208","1"
"GSM2615209","1"
"GSM2615210","16"
"GSM2615211","2"
"GSM2615212","1"
"GSM2615213","16"
"GSM2615214","3"
"GSM2615215","5"
"GSM2615216","3"
"GSM2615217","2"
"GSM2615219","1"
"GSM2615220","3"
"GSM2615221","1"
"GSM2615222","3"
"GSM2615223","3"
"GSM2615224","6"
"GSM2615226","4"
"GSM2615227","3"
"GSM2615228","3"
"GSM2615229","1"
"GSM2615230","5"
"GSM2615231","12"
"GSM2615232","16"
"GSM2615233","4"
"GSM2615234","3"
"GSM2615235","12"
"GSM2615236","3"
"GSM2615237","6"
"GSM2615238","12"
"GSM2615239","3"
"GSM2615240","3"
"GSM2615241","3"
"GSM2615242","20"
"GSM2615243","13"
"GSM2615244","3"
"GSM2615245","1"
"GSM2615246","1"
"GSM2615247","9"
"GSM2615248","9"
"GSM2615249","16"
"GSM2615251","6"
"GSM2615252","3"
"GSM2615253","3"
"GSM2615254","3"
"GSM2615255","11"
"GSM2615256","3"
"GSM2615258","1"
"GSM2615259","3"
"GSM2615260","3"
"GSM2615261","20"
"GSM2615262","16"
"GSM2615263","9"
"GSM2615264","1"
"GSM2615265","1"
"GSM2615266","3"
"GSM2615267","3"
"GSM2615268","6"
"GSM2615269","9"
"GSM2615270","13"
"GSM2615271","1"
"GSM2615272","2"
"GSM2615273","4"
"GSM2615274","2"
"GSM2615275","16"
"GSM2615276","5"
"GSM2615277","1"
"GSM2615278","5"
"GSM2615279","4"
"GSM2615280","16"
"GSM2615281","2"
"GSM2615282","6"
"GSM2615283","16"
"GSM2615284","12"
"GSM2615285","6"
"GSM2615286","3"
"GSM2615287","1"
"GSM2615288","13"
"GSM2615289","3"
"GSM2615290","4"
"GSM2615291","2"
"GSM2615292","9"
"GSM2615293","11"
"GSM2615294","3"
"GSM2615295","1"
"GSM2615296","6"
"GSM2615297","3"
"GSM2615298","9"
"GSM2615299","11"
"GSM2615300","1"
"GSM2615301","1"
"GSM2615302","5"
"GSM2615303","16"
"GSM2615304","16"
"GSM2615305","2"
"GSM2615306","3"
"GSM2615307","1"
"GSM2615310","9"
"GSM2615311","3"
"GSM2615312","7"
"GSM2615313","3"
"GSM2615314","3"
"GSM2615315","3"
"GSM2615316","6"
"GSM2615317","4"
"GSM2615318","2"
"GSM2615319","5"
"GSM2615320","3"
"GSM2615321","5"
"GSM2615322","6"
"GSM2615323","16"
"GSM2615324","3"
"GSM2615325","13"
"GSM2615326","11"
"GSM2615327","5"
"GSM2615328","1"
"GSM2615329","6"
"GSM2615330","3"
"GSM2615331","3"
"GSM2615332","1"
"GSM2615333","3"
"GSM2615334","20"
"GSM2615335","7"
"GSM2615336","3"
"GSM2615337","16"
"GSM2615338","6"
"GSM2615339","5"
"GSM2615341","3"
"GSM2615342","3"
"GSM2615343","6"
"GSM2615345","7"
"GSM2615346","6"
"GSM2615347","22"
"GSM2615349","6"
"GSM2615350","21"
"GSM2615351","3"
"GSM2615352","6"
"GSM2615354","5"
"GSM2615355","16"
"GSM2615356","4"
"GSM2615357","7"
"GSM2615358","5"
"GSM2615359","16"
"GSM2615360","20"
"GSM2615362","3"
"GSM2615363","3"
"GSM2615364","4"
"GSM2615365","3"
"GSM2615367","11"
"GSM2615368","3"
"GSM2615370","5"
"GSM2615371","5"
"GSM2615372","8"
"GSM2615373","3"
"GSM2615374","1"
"GSM2615375","16"
"GSM2615376","20"
"GSM2615377","3"
"GSM2615378","1"
"GSM2615379","3"
"GSM2615380","3"
"GSM2615381","2"
"GSM2615382","1"
"GSM2615383","16"
"GSM2615384","3"
"GSM2615385","16"
"GSM2615386","1"
"GSM2615387","3"
"GSM2615388","1"
"GSM2615389","3"
"GSM2615390","16"
"GSM2615391","2"
"GSM2615392","16"
"GSM2615393","5"
"GSM2615394","1"
"GSM2615396","11"
"GSM2615397","3"
"GSM2615398","1"
"GSM2615399","3"
"GSM2615400","1"
"GSM2615401","3"
"GSM2615402","1"
"GSM2615403","6"
"GSM2615404","16"
"GSM2615405","3"
"GSM2615406","1"
"GSM2615407","3"
"GSM2615408","13"
"GSM2615409","2"
"GSM2615410","3"
"GSM2615412","3"
"GSM2615414","6"
"GSM2615415","1"
"GSM2615416","3"
"GSM2615417","1"
"GSM2615418","2"
"GSM2615419","3"
"GSM2615420","3"
"GSM2615421","3"
"GSM2615422","13"
"GSM2615423","12"
"GSM2615424","1"
"GSM2615425","16"
"GSM2615426","3"
"GSM2615427","6"
"GSM2615428","3"
"GSM2615429","3"
"GSM2615430","1"
"GSM2615431","6"
"GSM2615432","1"
"GSM2615433","3"
"GSM2615434","3"
"GSM2615435","22"
"GSM2615436","1"
"GSM2615437","9"
"GSM2615439","3"
"GSM2615440","16"
"GSM2615441","1"
"GSM2615442","16"
"GSM2615443","5"
"GSM2615444","1"
"GSM2615445","16"
"GSM2615446","3"
"GSM2615447","13"
"GSM2615448","3"
"GSM2615449","6"
"GSM2615450","3"
"GSM2615451","7"
"GSM2615452","1"
"GSM2615453","11"
"GSM2615454","9"
"GSM2615455","3"
"GSM2615456","5"
"GSM2615457","3"
"GSM2615458","20"
"GSM2615459","3"
"GSM2615461","6"
"GSM2615462","12"
"GSM2615463","22"
"GSM2615464","5"
"GSM2615465","21"
"GSM2615466","16"
"GSM2615467","7"
"GSM2615472","22"
"GSM2615473","10"
"GSM2615474","10"
"GSM2615477","10"
"GSM2615479","22"
"GSM2615486","10"
"GSM2615489","22"
"GSM2615493","22"
"GSM2615494","22"
"GSM2615498","22"
"GSM2615501","22"
"GSM2615502","22"
"GSM2615506","21"
"GSM2615512","10"
"GSM2615514","21"
"GSM2615519","21"
"GSM2615521","22"
"GSM2615522","22"
"GSM2615525","10"
"GSM2615531","22"
"GSM2615534","22"
"GSM2615537","22"
"GSM2615539","22"
"GSM2615540","10"
"GSM2615543","21"
"GSM2615545","10"
"GSM2615546","10"
"GSM2615549","22"
"GSM2615551","22"
"GSM2615552","10"
"GSM2615558","22"
"GSM2615559","10"
"GSM2615560","22"
"GSM2615562","10"
"GSM2615565","10"
"GSM2615567","10"
"GSM2615575","22"
"GSM2615578","10"
"GSM2615579","22"
"GSM2615581","10"
"GSM2615582","10"
"GSM2615584","10"
"GSM2615585","10"
"GSM2615587","10"
"GSM2615588","10"
"GSM2615589","10"
"GSM2615590","10"
"GSM2615591","10"
"GSM2615592","22"
"GSM2615593","10"
"GSM2615594","10"
"GSM2615595","21"
"GSM2615596","10"
"GSM2615597","10"
"GSM2615602","10"
"GSM2615603","10"
"GSM2615604","10"
"GSM2615605","10"
"GSM2615606","10"
"GSM2615608","10"
"GSM2615609","10"
"GSM2615610","10"
"GSM2615611","10"
"GSM2615612","10"
"GSM2615613","10"
"GSM2615615","10"
"GSM2615616","10"
"GSM2615617","10"
"GSM2615618","10"
"GSM2615619","10"
"GSM2615620","10"
"GSM2615621","10"
"GSM2615622","10"
"GSM2615624","10"
"GSM2615625","10"
"GSM2615626","10"
"GSM2615627","10"
"GSM2615628","10"
"GSM2615629","10"
"GSM2615630","22"
"GSM2615632","22"
"GSM2615633","22"
"GSM2615634","10"
"GSM2615635","10"
"GSM2615636","10"
"GSM2615637","10"
"GSM2615638","10"
"GSM2615639","10"
"GSM2615640","22"
"GSM2615641","21"
"GSM2615642","10"
"GSM2615643","10"
"GSM2615645","22"
"GSM2615646","10"
"GSM2615647","10"
"GSM2615648","10"
"GSM2615649","22"
"GSM2615650","13"
"GSM2615652","10"
"GSM2615653","22"
"GSM2615654","10"
"GSM2615656","10"
"GSM2615657","22"
"GSM2615659","10"
"GSM2615660","22"
"GSM2615661","10"
"GSM2615662","10"
"GSM2615665","22"
"GSM2615666","10"
"GSM2615667","22"
"GSM2615668","22"
"GSM2615669","10"
"GSM2615670","10"
"GSM2615672","10"
"GSM2615673","10"
"GSM2615675","10"
"GSM2615676","10"
"GSM2615678","10"
"GSM2615680","22"
"GSM2615683","10"
"GSM2615684","10"
"GSM2615685","22"
"GSM2615686","10"
"GSM2615687","10"
"GSM2615688","22"
"GSM2615689","10"
"GSM2615691","10"
"GSM2615692","22"
"GSM2615693","22"
"GSM2615694","10"
"GSM2615695","10"
"GSM2615696","10"
"GSM2615697","10"
"GSM2615698","10"
"GSM2615699","10"
"GSM2615700","10"
"GSM2615702","22"
"GSM2615703","10"
"GSM2615705","22"
"GSM2615706","10"
"GSM2615707","10"
"GSM2615708","22"
"GSM2615709","22"
"GSM2615710","10"
"GSM2615711","10"
"GSM2615712","10"
"GSM2615713","10"
"GSM2615718","10"
"GSM2615719","10"
"GSM2615720","10"
"GSM2615721","10"
"GSM2615722","10"
"GSM2615724","10"
