"","sc3_27_clusters"
"GSM2612539","18"
"GSM2612540","11"
"GSM2612541","10"
"GSM2612542","12"
"GSM2612543","19"
"GSM2612544","13"
"GSM2612545","13"
"GSM2612546","12"
"GSM2612547","10"
"GSM2612548","23"
"GSM2612549","8"
"GSM2612550","8"
"GSM2612551","8"
"GSM2612552","13"
"GSM2612553","8"
"GSM2612554","16"
"GSM2612555","8"
"GSM2612556","8"
"GSM2612557","12"
"GSM2612558","11"
"GSM2612559","19"
"GSM2612560","18"
"GSM2612561","10"
"GSM2612562","13"
"GSM2612563","23"
"GSM2612564","10"
"GSM2612565","19"
"GSM2612566","8"
"GSM2612567","8"
"GSM2612568","8"
"GSM2612569","10"
"GSM2612570","10"
"GSM2612571","13"
"GSM2612572","8"
"GSM2612573","8"
"GSM2612574","8"
"GSM2612575","8"
"GSM2612576","10"
"GSM2612577","19"
"GSM2612578","8"
"GSM2612579","8"
"GSM2612580","8"
"GSM2612581","18"
"GSM2612582","22"
"GSM2612583","23"
"GSM2612584","19"
"GSM2612585","8"
"GSM2612586","12"
"GSM2612587","8"
"GSM2612588","13"
"GSM2612589","19"
"GSM2612590","18"
"GSM2612591","8"
"GSM2612592","13"
"GSM2612593","8"
"GSM2612594","8"
"GSM2612595","23"
"GSM2612596","13"
"GSM2612597","19"
"GSM2612598","13"
"GSM2612599","8"
"GSM2612600","8"
"GSM2612601","12"
"GSM2612602","8"
"GSM2612603","13"
"GSM2612604","13"
"GSM2612605","18"
"GSM2612606","19"
"GSM2612607","10"
"GSM2612608","8"
"GSM2612609","13"
"GSM2612610","23"
"GSM2612611","8"
"GSM2612612","23"
"GSM2612613","11"
"GSM2612614","10"
"GSM2612615","26"
"GSM2612616","8"
"GSM2612617","13"
"GSM2612618","23"
"GSM2612619","8"
"GSM2612620","13"
"GSM2612621","23"
"GSM2612622","8"
"GSM2612623","22"
"GSM2612624","8"
"GSM2612625","18"
"GSM2612626","10"
"GSM2612627","22"
"GSM2612628","8"
"GSM2612629","8"
"GSM2612630","19"
"GSM2612631","8"
"GSM2612632","10"
"GSM2612633","8"
"GSM2612634","11"
"GSM2612635","13"
"GSM2612636","23"
"GSM2612637","11"
"GSM2612638","8"
"GSM2612639","8"
"GSM2612640","8"
"GSM2612641","12"
"GSM2612642","8"
"GSM2612643","19"
"GSM2612644","23"
"GSM2612645","13"
"GSM2612646","8"
"GSM2612647","10"
"GSM2612648","13"
"GSM2612649","8"
"GSM2612650","22"
"GSM2612651","23"
"GSM2612652","8"
"GSM2612653","10"
"GSM2612654","8"
"GSM2612655","8"
"GSM2612656","10"
"GSM2612657","23"
"GSM2612658","8"
"GSM2612659","10"
"GSM2612660","26"
"GSM2612661","19"
"GSM2612662","12"
"GSM2612663","8"
"GSM2612664","11"
"GSM2612665","19"
"GSM2612666","16"
"GSM2612667","8"
"GSM2612668","11"
"GSM2612669","8"
"GSM2612670","19"
"GSM2612671","8"
"GSM2612672","8"
"GSM2612673","23"
"GSM2612674","12"
"GSM2612675","8"
"GSM2612676","19"
"GSM2612677","10"
"GSM2612678","12"
"GSM2612679","19"
"GSM2612680","8"
"GSM2612681","10"
"GSM2612682","13"
"GSM2612683","10"
"GSM2612684","8"
"GSM2612685","18"
"GSM2612686","13"
"GSM2612687","10"
"GSM2612688","10"
"GSM2612689","22"
"GSM2612690","8"
"GSM2612691","19"
"GSM2612692","13"
"GSM2612693","19"
"GSM2612694","16"
"GSM2612695","8"
"GSM2612696","16"
"GSM2612697","13"
"GSM2612698","13"
"GSM2612699","10"
"GSM2612700","13"
"GSM2612701","10"
"GSM2612702","13"
"GSM2612703","18"
"GSM2612704","13"
"GSM2612705","16"
"GSM2612706","8"
"GSM2612707","10"
"GSM2612708","12"
"GSM2612709","8"
"GSM2612710","8"
"GSM2612711","8"
"GSM2612712","8"
"GSM2612713","13"
"GSM2612714","18"
"GSM2612715","19"
"GSM2612716","8"
"GSM2612717","19"
"GSM2612718","13"
"GSM2612719","8"
"GSM2612720","13"
"GSM2612721","13"
"GSM2612722","8"
"GSM2612723","10"
"GSM2612724","10"
"GSM2612725","8"
"GSM2612726","12"
"GSM2612727","8"
"GSM2612728","8"
"GSM2612729","10"
"GSM2612730","23"
"GSM2612731","11"
"GSM2612732","11"
"GSM2612733","19"
"GSM2612734","13"
"GSM2612735","13"
"GSM2612736","13"
"GSM2612737","8"
"GSM2612738","13"
"GSM2612739","18"
"GSM2612740","11"
"GSM2612741","18"
"GSM2612742","8"
"GSM2612743","8"
"GSM2612744","13"
"GSM2612745","13"
"GSM2612746","23"
"GSM2612747","23"
"GSM2612748","8"
"GSM2612749","10"
"GSM2612750","13"
"GSM2612751","13"
"GSM2612752","10"
"GSM2612753","13"
"GSM2612754","23"
"GSM2612755","13"
"GSM2612756","19"
"GSM2612757","8"
"GSM2612758","13"
"GSM2612759","8"
"GSM2612760","8"
"GSM2612761","19"
"GSM2612762","10"
"GSM2612763","13"
"GSM2612764","10"
"GSM2612765","8"
"GSM2612766","8"
"GSM2612767","19"
"GSM2612768","18"
"GSM2612769","23"
"GSM2612770","18"
"GSM2612771","8"
"GSM2612772","13"
"GSM2612773","8"
"GSM2612774","18"
"GSM2612775","18"
"GSM2612776","18"
"GSM2612777","19"
"GSM2612778","19"
"GSM2612779","23"
"GSM2612780","13"
"GSM2612781","26"
"GSM2612782","8"
"GSM2612783","23"
"GSM2612784","8"
"GSM2612785","8"
"GSM2612786","19"
"GSM2612787","19"
"GSM2612788","8"
"GSM2612789","19"
"GSM2612790","10"
"GSM2612791","8"
"GSM2612792","8"
"GSM2612793","8"
"GSM2612794","8"
"GSM2612795","8"
"GSM2612796","19"
"GSM2612797","8"
"GSM2612798","13"
"GSM2612799","19"
"GSM2612800","8"
"GSM2612801","13"
"GSM2612802","8"
"GSM2612803","13"
"GSM2612804","13"
"GSM2612805","8"
"GSM2612806","13"
"GSM2612807","13"
"GSM2612808","8"
"GSM2612809","10"
"GSM2612810","8"
"GSM2612811","19"
"GSM2612812","23"
"GSM2612813","16"
"GSM2612814","10"
"GSM2612815","13"
"GSM2612816","8"
"GSM2612817","13"
"GSM2612818","13"
"GSM2612819","19"
"GSM2612820","8"
"GSM2612821","8"
"GSM2612822","13"
"GSM2612823","13"
"GSM2612824","8"
"GSM2612825","13"
"GSM2612826","13"
"GSM2612827","18"
"GSM2612828","10"
"GSM2612829","10"
"GSM2612830","8"
"GSM2612831","18"
"GSM2612832","8"
"GSM2612833","8"
"GSM2612834","8"
"GSM2612835","18"
"GSM2612836","18"
"GSM2612837","13"
"GSM2612838","19"
"GSM2612839","13"
"GSM2612840","23"
"GSM2612841","11"
"GSM2612842","19"
"GSM2612843","8"
"GSM2612844","10"
"GSM2612845","10"
"GSM2612846","8"
"GSM2612847","8"
"GSM2612848","19"
"GSM2612849","8"
"GSM2612850","8"
"GSM2612851","23"
"GSM2612852","13"
"GSM2612853","22"
"GSM2612854","12"
"GSM2612855","15"
"GSM2612856","23"
"GSM2612857","10"
"GSM2612858","10"
"GSM2612859","8"
"GSM2612860","13"
"GSM2612861","13"
"GSM2612862","19"
"GSM2612863","19"
"GSM2612864","13"
"GSM2612865","19"
"GSM2612866","19"
"GSM2612867","19"
"GSM2612868","23"
"GSM2612869","23"
"GSM2612870","23"
"GSM2612871","13"
"GSM2612872","13"
"GSM2612873","19"
"GSM2612874","19"
"GSM2612875","8"
"GSM2612876","12"
"GSM2612877","8"
"GSM2612878","23"
"GSM2612879","19"
"GSM2612880","19"
"GSM2612881","13"
"GSM2612882","8"
"GSM2612883","13"
"GSM2612884","8"
"GSM2612885","13"
"GSM2612886","10"
"GSM2612887","10"
"GSM2612888","23"
"GSM2612889","10"
"GSM2612890","18"
"GSM2612891","26"
"GSM2612892","8"
"GSM2612893","23"
"GSM2612894","8"
"GSM2612895","8"
"GSM2612896","11"
"GSM2612897","23"
"GSM2612898","8"
"GSM2612899","18"
"GSM2612900","13"
"GSM2612901","10"
"GSM2612902","8"
"GSM2612903","13"
"GSM2612904","16"
"GSM2612905","8"
"GSM2612906","8"
"GSM2612907","10"
"GSM2612908","22"
"GSM2612909","8"
"GSM2612910","8"
"GSM2612911","8"
"GSM2612912","8"
"GSM2612913","13"
"GSM2612914","10"
"GSM2612915","13"
"GSM2612916","23"
"GSM2612917","10"
"GSM2612918","19"
"GSM2612919","8"
"GSM2612920","10"
"GSM2612921","10"
"GSM2612922","8"
"GSM2612923","10"
"GSM2612924","8"
"GSM2612925","19"
"GSM2612926","19"
"GSM2612927","8"
"GSM2612928","8"
"GSM2612929","26"
"GSM2612930","8"
"GSM2612931","19"
"GSM2612932","19"
"GSM2612933","18"
"GSM2612934","23"
"GSM2612935","19"
"GSM2612936","8"
"GSM2612937","13"
"GSM2612938","8"
"GSM2612939","15"
"GSM2612940","22"
"GSM2612941","10"
"GSM2612942","19"
"GSM2612943","19"
"GSM2612944","8"
"GSM2612945","23"
"GSM2612946","10"
"GSM2612947","8"
"GSM2612948","19"
"GSM2612949","11"
"GSM2612950","8"
"GSM2612951","8"
"GSM2612952","13"
"GSM2612953","10"
"GSM2612954","8"
"GSM2612955","8"
"GSM2612956","23"
"GSM2612957","19"
"GSM2612958","8"
"GSM2612959","8"
"GSM2612960","19"
"GSM2612961","8"
"GSM2612962","8"
"GSM2612963","10"
"GSM2612964","8"
"GSM2612965","10"
"GSM2612966","13"
"GSM2612967","8"
"GSM2612968","12"
"GSM2612969","19"
"GSM2612970","13"
"GSM2612971","13"
"GSM2612972","13"
"GSM2612973","13"
"GSM2612974","8"
"GSM2612975","13"
"GSM2612976","8"
"GSM2612977","10"
"GSM2612978","26"
"GSM2612979","8"
"GSM2612980","19"
"GSM2612981","8"
"GSM2612982","23"
"GSM2612983","22"
"GSM2612984","8"
"GSM2612985","19"
"GSM2612986","10"
"GSM2612987","19"
"GSM2612988","19"
"GSM2612989","13"
"GSM2612990","8"
"GSM2612991","13"
"GSM2612992","8"
"GSM2612993","13"
"GSM2612994","23"
"GSM2612995","10"
"GSM2612996","8"
"GSM2612997","13"
"GSM2612998","8"
"GSM2612999","10"
"GSM2613000","8"
"GSM2613001","19"
"GSM2613002","11"
"GSM2613003","13"
"GSM2613004","8"
"GSM2613005","13"
"GSM2613006","23"
"GSM2613007","19"
"GSM2613008","8"
"GSM2613009","19"
"GSM2613010","10"
"GSM2613011","8"
"GSM2613012","10"
"GSM2613013","23"
"GSM2613014","13"
"GSM2613015","13"
"GSM2613016","8"
"GSM2613017","13"
"GSM2613018","8"
"GSM2613019","23"
"GSM2613020","13"
"GSM2613021","8"
"GSM2613022","8"
"GSM2613023","10"
"GSM2613024","8"
"GSM2613025","19"
"GSM2613026","10"
"GSM2613027","13"
"GSM2613028","12"
"GSM2613029","23"
"GSM2613030","8"
"GSM2613031","8"
"GSM2613032","19"
"GSM2613033","19"
"GSM2613034","16"
"GSM2613035","8"
"GSM2613036","19"
"GSM2613037","23"
"GSM2613038","8"
"GSM2613039","19"
"GSM2613040","13"
"GSM2613041","10"
"GSM2613042","19"
"GSM2613043","19"
"GSM2613044","8"
"GSM2613045","13"
"GSM2613046","10"
"GSM2613047","18"
"GSM2613048","19"
"GSM2613049","12"
"GSM2613050","10"
"GSM2613051","8"
"GSM2613052","19"
"GSM2613053","8"
"GSM2613054","8"
"GSM2613055","19"
"GSM2613056","10"
"GSM2613057","19"
"GSM2613058","10"
"GSM2613059","8"
"GSM2613060","16"
"GSM2613061","12"
"GSM2613062","10"
"GSM2613063","13"
"GSM2613064","10"
"GSM2613065","8"
"GSM2613066","8"
"GSM2613067","8"
"GSM2613068","10"
"GSM2613069","19"
"GSM2613070","10"
"GSM2613071","19"
"GSM2613072","22"
"GSM2613073","13"
"GSM2613074","19"
"GSM2613075","13"
"GSM2613076","13"
"GSM2613077","18"
"GSM2613078","10"
"GSM2613079","8"
"GSM2613080","8"
"GSM2613081","8"
"GSM2613082","10"
"GSM2613083","10"
"GSM2613084","12"
"GSM2613085","22"
"GSM2613086","8"
"GSM2613087","19"
"GSM2613088","26"
"GSM2613089","23"
"GSM2613090","18"
"GSM2613091","13"
"GSM2613092","13"
"GSM2613093","8"
"GSM2613094","8"
"GSM2613095","13"
"GSM2613096","18"
"GSM2613097","13"
"GSM2613098","8"
"GSM2613099","13"
"GSM2613100","19"
"GSM2613101","23"
"GSM2613102","8"
"GSM2613103","13"
"GSM2613104","13"
"GSM2613105","16"
"GSM2613106","16"
"GSM2613107","10"
"GSM2613108","13"
"GSM2613109","19"
"GSM2613110","10"
"GSM2613111","8"
"GSM2613112","10"
"GSM2613113","13"
"GSM2613114","19"
"GSM2613115","19"
"GSM2613116","18"
"GSM2613117","10"
"GSM2613118","10"
"GSM2613119","13"
"GSM2613120","8"
"GSM2613121","13"
"GSM2613122","13"
"GSM2613123","10"
"GSM2613124","13"
"GSM2613125","13"
"GSM2613126","8"
"GSM2613127","8"
"GSM2613128","8"
"GSM2613129","8"
"GSM2613130","23"
"GSM2613131","8"
"GSM2613132","19"
"GSM2613133","8"
"GSM2613134","15"
"GSM2613135","13"
"GSM2613136","8"
"GSM2613137","10"
"GSM2613138","11"
"GSM2613139","11"
"GSM2613140","13"
"GSM2613141","8"
"GSM2613142","23"
"GSM2613143","13"
"GSM2613144","10"
"GSM2613145","11"
"GSM2613146","13"
"GSM2613147","13"
"GSM2613148","13"
"GSM2613149","23"
"GSM2613150","8"
"GSM2613151","8"
"GSM2613152","13"
"GSM2613153","8"
"GSM2613154","19"
"GSM2613155","8"
"GSM2613156","10"
"GSM2613157","12"
"GSM2613158","8"
"GSM2613159","13"
"GSM2613160","8"
"GSM2613161","12"
"GSM2613162","8"
"GSM2613163","19"
"GSM2613164","8"
"GSM2613165","19"
"GSM2613166","8"
"GSM2613167","8"
"GSM2613168","8"
"GSM2613169","8"
"GSM2613170","13"
"GSM2613171","8"
"GSM2613172","8"
"GSM2613173","18"
"GSM2613174","8"
"GSM2613175","10"
"GSM2613176","18"
"GSM2613177","8"
"GSM2613178","13"
"GSM2613179","8"
"GSM2613180","8"
"GSM2613181","13"
"GSM2613182","13"
"GSM2613183","23"
"GSM2613184","10"
"GSM2613185","26"
"GSM2613186","10"
"GSM2613187","18"
"GSM2613188","18"
"GSM2613189","19"
"GSM2613190","18"
"GSM2613191","8"
"GSM2613192","22"
"GSM2613193","13"
"GSM2613194","19"
"GSM2613195","8"
"GSM2613196","10"
"GSM2613197","13"
"GSM2613198","8"
"GSM2613199","8"
"GSM2613200","18"
"GSM2613201","13"
"GSM2613202","23"
"GSM2613203","18"
"GSM2613204","8"
"GSM2613205","13"
"GSM2613206","23"
"GSM2613207","8"
"GSM2613208","8"
"GSM2613209","10"
"GSM2613210","8"
"GSM2613211","8"
"GSM2613212","13"
"GSM2613213","13"
"GSM2613214","13"
"GSM2613215","10"
"GSM2613216","8"
"GSM2613217","13"
"GSM2613218","10"
"GSM2613219","13"
"GSM2613220","13"
"GSM2613221","8"
"GSM2613222","8"
"GSM2613223","19"
"GSM2613224","13"
"GSM2613225","8"
"GSM2613226","23"
"GSM2613227","18"
"GSM2613228","10"
"GSM2613229","13"
"GSM2613230","18"
"GSM2613231","8"
"GSM2613232","19"
"GSM2613233","11"
"GSM2613234","10"
"GSM2613235","23"
"GSM2613236","23"
"GSM2613237","13"
"GSM2613238","10"
"GSM2613239","10"
"GSM2613240","8"
"GSM2613241","18"
"GSM2613242","13"
"GSM2613243","12"
"GSM2613244","16"
"GSM2613245","13"
"GSM2613246","10"
"GSM2613247","13"
"GSM2613248","8"
"GSM2613249","13"
"GSM2613250","8"
"GSM2613251","19"
"GSM2613252","13"
"GSM2613253","13"
"GSM2613254","8"
"GSM2613255","23"
"GSM2613256","18"
"GSM2613257","8"
"GSM2613258","13"
"GSM2613259","13"
"GSM2613260","13"
"GSM2613261","18"
"GSM2613262","8"
"GSM2613263","8"
"GSM2613264","19"
"GSM2613265","8"
"GSM2613266","8"
"GSM2613267","19"
"GSM2613268","8"
"GSM2613269","13"
"GSM2613270","13"
"GSM2613271","8"
"GSM2613272","8"
"GSM2613273","16"
"GSM2613274","19"
"GSM2613275","18"
"GSM2613276","13"
"GSM2613277","8"
"GSM2613278","13"
"GSM2613279","22"
"GSM2613280","19"
"GSM2613281","13"
"GSM2613282","18"
"GSM2613283","10"
"GSM2613284","13"
"GSM2613285","13"
"GSM2613286","19"
"GSM2613287","8"
"GSM2613288","8"
"GSM2613289","18"
"GSM2613290","13"
"GSM2613291","8"
"GSM2613292","8"
"GSM2613293","8"
"GSM2613294","23"
"GSM2613295","13"
"GSM2613296","13"
"GSM2613297","13"
"GSM2613298","15"
"GSM2613299","16"
"GSM2613300","8"
"GSM2613301","8"
"GSM2613302","8"
"GSM2613303","8"
"GSM2613304","15"
"GSM2613305","10"
"GSM2613306","8"
"GSM2613307","8"
"GSM2613308","8"
"GSM2613309","13"
"GSM2613310","8"
"GSM2613311","13"
"GSM2613312","23"
"GSM2613313","8"
"GSM2613314","8"
"GSM2613315","13"
"GSM2613316","18"
"GSM2613317","19"
"GSM2613318","10"
"GSM2613319","23"
"GSM2613320","13"
"GSM2613321","8"
"GSM2613322","19"
"GSM2613323","13"
"GSM2613324","8"
"GSM2613325","18"
"GSM2613326","13"
"GSM2613327","19"
"GSM2613328","23"
"GSM2613329","13"
"GSM2613330","19"
"GSM2613331","13"
"GSM2613332","19"
"GSM2613333","23"
"GSM2613334","22"
"GSM2613335","10"
"GSM2613336","8"
"GSM2613337","19"
"GSM2613338","19"
"GSM2613339","8"
"GSM2613340","22"
"GSM2613341","8"
"GSM2613342","8"
"GSM2613343","8"
"GSM2613344","10"
"GSM2613345","19"
"GSM2613346","13"
"GSM2613347","8"
"GSM2613348","19"
"GSM2613349","22"
"GSM2613350","19"
"GSM2613351","18"
"GSM2613352","11"
"GSM2613353","8"
"GSM2613354","13"
"GSM2613355","8"
"GSM2613356","10"
"GSM2613357","22"
"GSM2613358","8"
"GSM2613359","10"
"GSM2613360","19"
"GSM2613361","8"
"GSM2613362","8"
"GSM2613363","10"
"GSM2613364","8"
"GSM2613365","8"
"GSM2613366","13"
"GSM2613367","13"
"GSM2613368","23"
"GSM2613369","8"
"GSM2613370","8"
"GSM2613371","10"
"GSM2613372","8"
"GSM2613373","18"
"GSM2613374","19"
"GSM2613375","8"
"GSM2613376","13"
"GSM2613377","8"
"GSM2613378","8"
"GSM2613379","10"
"GSM2613380","8"
"GSM2613381","8"
"GSM2613382","19"
"GSM2613383","8"
"GSM2613384","13"
"GSM2613385","19"
"GSM2613386","19"
"GSM2613387","13"
"GSM2613388","8"
"GSM2613389","8"
"GSM2613390","22"
"GSM2613391","13"
"GSM2613392","19"
"GSM2613393","8"
"GSM2613394","8"
"GSM2613395","8"
"GSM2613396","16"
"GSM2613397","23"
"GSM2613398","13"
"GSM2613399","13"
"GSM2613400","18"
"GSM2613401","8"
"GSM2613402","8"
"GSM2613403","8"
"GSM2613404","8"
"GSM2613405","13"
"GSM2613406","11"
"GSM2613407","8"
"GSM2613408","18"
"GSM2613409","8"
"GSM2613410","13"
"GSM2613411","8"
"GSM2613412","8"
"GSM2613413","19"
"GSM2613414","10"
"GSM2613415","13"
"GSM2613416","19"
"GSM2613417","23"
"GSM2613418","8"
"GSM2613419","8"
"GSM2613420","8"
"GSM2613421","18"
"GSM2613422","8"
"GSM2613423","11"
"GSM2613424","10"
"GSM2613425","19"
"GSM2613426","12"
"GSM2613427","10"
"GSM2613428","8"
"GSM2613429","19"
"GSM2613430","8"
"GSM2613431","8"
"GSM2613432","24"
"GSM2613433","18"
"GSM2613434","26"
"GSM2613435","19"
"GSM2613436","19"
"GSM2613437","8"
"GSM2613438","8"
"GSM2613439","13"
"GSM2613440","19"
"GSM2613441","8"
"GSM2613442","13"
"GSM2613443","8"
"GSM2613444","13"
"GSM2613445","8"
"GSM2613446","11"
"GSM2613447","8"
"GSM2613448","13"
"GSM2613449","13"
"GSM2613450","13"
"GSM2613451","8"
"GSM2613452","13"
"GSM2613453","13"
"GSM2613454","13"
"GSM2613455","8"
"GSM2613456","19"
"GSM2613457","8"
"GSM2613458","12"
"GSM2613459","13"
"GSM2613460","19"
"GSM2613461","8"
"GSM2613462","23"
"GSM2613463","22"
"GSM2613464","19"
"GSM2613465","8"
"GSM2613466","8"
"GSM2613467","10"
"GSM2613468","8"
"GSM2613469","19"
"GSM2613470","8"
"GSM2613471","8"
"GSM2613472","22"
"GSM2613473","13"
"GSM2613474","18"
"GSM2613475","23"
"GSM2613476","13"
"GSM2613477","8"
"GSM2613478","18"
"GSM2613479","19"
"GSM2613480","13"
"GSM2613481","11"
"GSM2613482","19"
"GSM2613483","10"
"GSM2613484","13"
"GSM2613485","18"
"GSM2613486","11"
"GSM2613487","8"
"GSM2613488","8"
"GSM2613489","13"
"GSM2613490","10"
"GSM2613491","8"
"GSM2613492","13"
"GSM2613493","8"
"GSM2613494","18"
"GSM2613495","19"
"GSM2613496","13"
"GSM2613497","19"
"GSM2613498","8"
"GSM2613499","10"
"GSM2613500","8"
"GSM2613501","19"
"GSM2613502","19"
"GSM2613503","13"
"GSM2613504","13"
"GSM2613505","8"
"GSM2613506","10"
"GSM2613507","8"
"GSM2613508","19"
"GSM2613509","10"
"GSM2613510","18"
"GSM2613511","11"
"GSM2613512","8"
"GSM2613513","10"
"GSM2613514","19"
"GSM2613515","18"
"GSM2613516","23"
"GSM2613517","8"
"GSM2613518","8"
"GSM2613519","8"
"GSM2613520","8"
"GSM2613521","13"
"GSM2613522","8"
"GSM2613523","8"
"GSM2613524","10"
"GSM2613525","18"
"GSM2613526","13"
"GSM2613527","8"
"GSM2613528","8"
"GSM2613529","16"
"GSM2613530","19"
"GSM2613531","10"
"GSM2613532","13"
"GSM2613533","16"
"GSM2613534","23"
"GSM2613535","13"
"GSM2613536","10"
"GSM2613537","8"
"GSM2613538","12"
"GSM2613539","23"
"GSM2613540","8"
"GSM2613541","10"
"GSM2613542","19"
"GSM2613543","8"
"GSM2613544","13"
"GSM2613545","13"
"GSM2613546","8"
"GSM2613547","11"
"GSM2613548","23"
"GSM2613549","8"
"GSM2613550","12"
"GSM2613551","13"
"GSM2613552","13"
"GSM2613553","8"
"GSM2613554","13"
"GSM2613555","13"
"GSM2613556","13"
"GSM2613557","13"
"GSM2613558","13"
"GSM2613559","10"
"GSM2613560","13"
"GSM2613561","19"
"GSM2613562","8"
"GSM2613563","19"
"GSM2613564","19"
"GSM2613565","8"
"GSM2613566","13"
"GSM2613567","10"
"GSM2613568","19"
"GSM2613569","8"
"GSM2613570","23"
"GSM2613571","23"
"GSM2613572","13"
"GSM2613573","13"
"GSM2613574","8"
"GSM2613575","19"
"GSM2613576","13"
"GSM2613577","8"
"GSM2613578","8"
"GSM2613579","13"
"GSM2613580","13"
"GSM2613581","12"
"GSM2613582","8"
"GSM2613583","13"
"GSM2613584","11"
"GSM2613585","10"
"GSM2613586","10"
"GSM2613587","23"
"GSM2613588","19"
"GSM2613589","13"
"GSM2613590","13"
"GSM2613591","8"
"GSM2613592","16"
"GSM2613593","13"
"GSM2613594","11"
"GSM2613595","19"
"GSM2613596","19"
"GSM2613597","10"
"GSM2613598","22"
"GSM2613599","19"
"GSM2613600","19"
"GSM2613601","8"
"GSM2613602","8"
"GSM2613603","8"
"GSM2613604","13"
"GSM2613605","8"
"GSM2613606","10"
"GSM2613607","13"
"GSM2613608","8"
"GSM2613609","23"
"GSM2613610","19"
"GSM2613611","13"
"GSM2613612","10"
"GSM2613613","8"
"GSM2613614","19"
"GSM2613615","13"
"GSM2613616","11"
"GSM2613617","13"
"GSM2613618","13"
"GSM2613619","19"
"GSM2613620","23"
"GSM2613621","8"
"GSM2613622","13"
"GSM2613623","13"
"GSM2613624","8"
"GSM2613625","10"
"GSM2613626","8"
"GSM2613627","13"
"GSM2613628","19"
"GSM2613629","8"
"GSM2613630","8"
"GSM2613631","19"
"GSM2613632","19"
"GSM2613633","8"
"GSM2613634","13"
"GSM2613635","19"
"GSM2613636","19"
"GSM2613637","8"
"GSM2613638","8"
"GSM2613639","8"
"GSM2613640","8"
"GSM2613641","8"
"GSM2613642","8"
"GSM2613643","11"
"GSM2613644","8"
"GSM2613645","8"
"GSM2613646","10"
"GSM2613647","13"
"GSM2613648","13"
"GSM2613649","13"
"GSM2613650","10"
"GSM2613651","8"
"GSM2613652","10"
"GSM2613653","8"
"GSM2613654","10"
"GSM2613655","12"
"GSM2613656","22"
"GSM2613657","12"
"GSM2613658","10"
"GSM2613659","8"
"GSM2613660","8"
"GSM2613661","19"
"GSM2613662","19"
"GSM2613663","8"
"GSM2613664","19"
"GSM2613665","8"
"GSM2613666","19"
"GSM2613667","19"
"GSM2613668","19"
"GSM2613669","11"
"GSM2613670","10"
"GSM2613671","8"
"GSM2613672","8"
"GSM2613673","8"
"GSM2613674","8"
"GSM2613675","16"
"GSM2613676","8"
"GSM2613677","23"
"GSM2613678","12"
"GSM2613679","8"
"GSM2613680","10"
"GSM2613681","8"
"GSM2613682","11"
"GSM2613683","10"
"GSM2613684","8"
"GSM2613685","10"
"GSM2613686","10"
"GSM2613687","23"
"GSM2613688","13"
"GSM2613689","8"
"GSM2613690","19"
"GSM2613691","13"
"GSM2613692","19"
"GSM2613693","19"
"GSM2613694","13"
"GSM2613695","8"
"GSM2613696","10"
"GSM2613697","13"
"GSM2613698","23"
"GSM2613699","13"
"GSM2613700","10"
"GSM2613701","8"
"GSM2613702","18"
"GSM2613703","19"
"GSM2613704","8"
"GSM2613705","26"
"GSM2613706","8"
"GSM2613707","26"
"GSM2613708","18"
"GSM2613709","8"
"GSM2613710","13"
"GSM2613711","10"
"GSM2613712","19"
"GSM2613713","13"
"GSM2613714","12"
"GSM2613715","8"
"GSM2613716","18"
"GSM2613717","23"
"GSM2613718","8"
"GSM2613719","26"
"GSM2613720","19"
"GSM2613721","18"
"GSM2613722","18"
"GSM2613723","18"
"GSM2613724","19"
"GSM2613725","22"
"GSM2613726","13"
"GSM2613727","13"
"GSM2613728","8"
"GSM2613729","8"
"GSM2613730","23"
"GSM2613731","19"
"GSM2613732","16"
"GSM2613733","13"
"GSM2613734","8"
"GSM2613735","13"
"GSM2613736","8"
"GSM2613737","23"
"GSM2613738","13"
"GSM2613739","8"
"GSM2613740","18"
"GSM2613741","8"
"GSM2613742","12"
"GSM2613743","8"
"GSM2613744","13"
"GSM2613745","19"
"GSM2613746","13"
"GSM2613747","8"
"GSM2613748","18"
"GSM2613749","19"
"GSM2613750","18"
"GSM2613751","8"
"GSM2613752","8"
"GSM2613753","8"
"GSM2613754","10"
"GSM2613755","8"
"GSM2613756","8"
"GSM2613757","8"
"GSM2613758","13"
"GSM2613759","8"
"GSM2613760","8"
"GSM2613761","8"
"GSM2613762","8"
"GSM2613763","19"
"GSM2613764","8"
"GSM2613765","19"
"GSM2613766","8"
"GSM2613767","18"
"GSM2613768","8"
"GSM2613769","12"
"GSM2613770","23"
"GSM2613771","13"
"GSM2613772","13"
"GSM2613773","23"
"GSM2613774","18"
"GSM2613775","12"
"GSM2613776","19"
"GSM2613777","12"
"GSM2613778","10"
"GSM2613779","19"
"GSM2613780","19"
"GSM2613781","10"
"GSM2613782","8"
"GSM2613783","8"
"GSM2613784","23"
"GSM2613785","8"
"GSM2613786","8"
"GSM2613787","8"
"GSM2613788","8"
"GSM2613789","13"
"GSM2613790","12"
"GSM2613791","8"
"GSM2613792","13"
"GSM2613793","23"
"GSM2613794","8"
"GSM2613795","23"
"GSM2613796","23"
"GSM2613797","22"
"GSM2613798","8"
"GSM2613799","23"
"GSM2613800","8"
"GSM2613801","26"
"GSM2613802","8"
"GSM2613803","18"
"GSM2613804","22"
"GSM2613805","13"
"GSM2613806","8"
"GSM2613807","8"
"GSM2613808","18"
"GSM2613809","10"
"GSM2613810","23"
"GSM2613811","19"
"GSM2613812","8"
"GSM2613813","8"
"GSM2613814","18"
"GSM2613815","19"
"GSM2613816","11"
"GSM2613817","13"
"GSM2613818","13"
"GSM2613819","8"
"GSM2613820","13"
"GSM2613821","19"
"GSM2613822","19"
"GSM2613823","10"
"GSM2613824","19"
"GSM2613825","8"
"GSM2613826","19"
"GSM2613827","19"
"GSM2613828","8"
"GSM2613829","18"
"GSM2613830","11"
"GSM2613831","8"
"GSM2613832","22"
"GSM2613833","8"
"GSM2613834","8"
"GSM2613835","8"
"GSM2613836","13"
"GSM2613837","13"
"GSM2613838","13"
"GSM2613839","8"
"GSM2613840","13"
"GSM2613841","19"
"GSM2613842","10"
"GSM2613843","13"
"GSM2613844","19"
"GSM2613845","13"
"GSM2613846","10"
"GSM2613847","8"
"GSM2613848","19"
"GSM2613849","18"
"GSM2613850","8"
"GSM2613851","19"
"GSM2613852","18"
"GSM2613853","8"
"GSM2613854","13"
"GSM2613855","8"
"GSM2613856","8"
"GSM2613857","8"
"GSM2613858","8"
"GSM2613859","10"
"GSM2613860","8"
"GSM2613861","8"
"GSM2613862","18"
"GSM2613863","13"
"GSM2613864","18"
"GSM2613865","23"
"GSM2613866","18"
"GSM2613867","19"
"GSM2613868","13"
"GSM2613869","13"
"GSM2613870","13"
"GSM2613871","23"
"GSM2613872","11"
"GSM2613873","19"
"GSM2613874","8"
"GSM2613875","8"
"GSM2613876","13"
"GSM2613877","11"
"GSM2613878","18"
"GSM2613879","15"
"GSM2613880","19"
"GSM2613881","10"
"GSM2613882","23"
"GSM2613883","8"
"GSM2613884","10"
"GSM2613885","19"
"GSM2613886","8"
"GSM2613887","8"
"GSM2613888","8"
"GSM2613889","13"
"GSM2613890","19"
"GSM2613891","19"
"GSM2613892","13"
"GSM2613893","8"
"GSM2613894","18"
"GSM2613895","13"
"GSM2613896","8"
"GSM2613897","18"
"GSM2613898","8"
"GSM2613899","13"
"GSM2613900","10"
"GSM2613901","10"
"GSM2613902","8"
"GSM2613903","8"
"GSM2613904","13"
"GSM2613905","19"
"GSM2613906","13"
"GSM2613907","8"
"GSM2613908","10"
"GSM2613909","8"
"GSM2613910","8"
"GSM2613911","23"
"GSM2613912","22"
"GSM2613913","16"
"GSM2613914","13"
"GSM2613915","23"
"GSM2613916","8"
"GSM2613917","19"
"GSM2613918","8"
"GSM2613919","10"
"GSM2613920","8"
"GSM2613921","8"
"GSM2613922","18"
"GSM2613923","8"
"GSM2613924","13"
"GSM2613925","13"
"GSM2613926","8"
"GSM2613927","13"
"GSM2613928","10"
"GSM2613929","8"
"GSM2613930","13"
"GSM2613931","10"
"GSM2613932","13"
"GSM2613933","23"
"GSM2613934","18"
"GSM2613935","13"
"GSM2613936","8"
"GSM2613937","8"
"GSM2613938","8"
"GSM2613939","10"
"GSM2613940","13"
"GSM2613941","8"
"GSM2613942","8"
"GSM2613943","19"
"GSM2613944","13"
"GSM2613945","8"
"GSM2613946","16"
"GSM2613947","8"
"GSM2613948","13"
"GSM2613949","8"
"GSM2613950","19"
"GSM2613951","12"
"GSM2613952","8"
"GSM2613953","19"
"GSM2613954","13"
"GSM2613955","10"
"GSM2613956","19"
"GSM2613957","13"
"GSM2613958","18"
"GSM2613959","8"
"GSM2613960","19"
"GSM2613961","18"
"GSM2613962","8"
"GSM2613963","13"
"GSM2613964","8"
"GSM2613965","10"
"GSM2613966","13"
"GSM2613967","8"
"GSM2613968","13"
"GSM2613969","8"
"GSM2613970","18"
"GSM2613971","8"
"GSM2613972","13"
"GSM2613973","13"
"GSM2613974","23"
"GSM2613975","18"
"GSM2613976","13"
"GSM2613977","10"
"GSM2613978","10"
"GSM2613979","10"
"GSM2613980","13"
"GSM2613981","8"
"GSM2613982","18"
"GSM2613983","13"
"GSM2613984","5"
"GSM2613985","5"
"GSM2613986","6"
"GSM2613987","1"
"GSM2613988","4"
"GSM2613989","5"
"GSM2613990","25"
"GSM2613991","8"
"GSM2613992","1"
"GSM2613993","1"
"GSM2613994","5"
"GSM2613995","1"
"GSM2613996","2"
"GSM2613997","4"
"GSM2613998","5"
"GSM2613999","5"
"GSM2614000","5"
"GSM2614001","23"
"GSM2614002","1"
"GSM2614003","5"
"GSM2614004","20"
"GSM2614005","4"
"GSM2614006","5"
"GSM2614007","7"
"GSM2614008","5"
"GSM2614009","5"
"GSM2614010","5"
"GSM2614011","5"
"GSM2614012","5"
"GSM2614013","5"
"GSM2614014","6"
"GSM2614015","5"
"GSM2614016","5"
"GSM2614017","21"
"GSM2614018","6"
"GSM2614019","5"
"GSM2614020","3"
"GSM2614021","5"
"GSM2614022","20"
"GSM2614023","5"
"GSM2614024","5"
"GSM2614025","8"
"GSM2614026","2"
"GSM2614027","5"
"GSM2614028","20"
"GSM2614029","4"
"GSM2614030","5"
"GSM2614031","5"
"GSM2614032","5"
"GSM2614033","21"
"GSM2614034","5"
"GSM2614035","4"
"GSM2614036","3"
"GSM2614037","5"
"GSM2614038","2"
"GSM2614039","2"
"GSM2614040","5"
"GSM2614041","21"
"GSM2614042","5"
"GSM2614043","2"
"GSM2614044","17"
"GSM2614045","5"
"GSM2614046","3"
"GSM2614047","7"
"GSM2614048","5"
"GSM2614049","2"
"GSM2614050","7"
"GSM2614051","5"
"GSM2614052","3"
"GSM2614053","8"
"GSM2614054","1"
"GSM2614055","4"
"GSM2614056","5"
"GSM2614057","8"
"GSM2614058","6"
"GSM2614059","7"
"GSM2614060","6"
"GSM2614061","5"
"GSM2614062","4"
"GSM2614063","4"
"GSM2614064","20"
"GSM2614065","20"
"GSM2614066","1"
"GSM2614067","5"
"GSM2614068","25"
"GSM2614069","20"
"GSM2614070","5"
"GSM2614071","27"
"GSM2614072","4"
"GSM2614073","5"
"GSM2614074","7"
"GSM2614075","1"
"GSM2614076","4"
"GSM2614077","1"
"GSM2614078","3"
"GSM2614079","1"
"GSM2614080","21"
"GSM2614081","1"
"GSM2614082","1"
"GSM2614083","4"
"GSM2614084","1"
"GSM2614085","2"
"GSM2614086","5"
"GSM2614087","7"
"GSM2614088","1"
"GSM2614089","8"
"GSM2614090","4"
"GSM2614091","5"
"GSM2614092","5"
"GSM2614093","1"
"GSM2614094","5"
"GSM2614095","4"
"GSM2614096","5"
"GSM2614097","5"
"GSM2614098","1"
"GSM2614099","5"
"GSM2614100","8"
"GSM2614101","5"
"GSM2614102","1"
"GSM2614103","17"
"GSM2614104","2"
"GSM2614105","5"
"GSM2614106","5"
"GSM2614107","5"
"GSM2614108","20"
"GSM2614109","4"
"GSM2614110","3"
"GSM2614111","20"
"GSM2614112","2"
"GSM2614113","21"
"GSM2614114","5"
"GSM2614115","5"
"GSM2614116","6"
"GSM2614117","3"
"GSM2614118","5"
"GSM2614119","1"
"GSM2614120","2"
"GSM2614121","2"
"GSM2614122","6"
"GSM2614123","1"
"GSM2614124","1"
"GSM2614125","3"
"GSM2614126","6"
"GSM2614127","20"
"GSM2614128","3"
"GSM2614129","5"
"GSM2614130","7"
"GSM2614131","5"
"GSM2614132","5"
"GSM2614133","6"
"GSM2614134","21"
"GSM2614135","1"
"GSM2614136","3"
"GSM2614137","5"
"GSM2614138","5"
"GSM2614139","1"
"GSM2614140","5"
"GSM2614141","5"
"GSM2614142","5"
"GSM2614143","5"
"GSM2614144","4"
"GSM2614145","6"
"GSM2614146","5"
"GSM2614147","1"
"GSM2614148","5"
"GSM2614149","21"
"GSM2614150","7"
"GSM2614151","1"
"GSM2614152","5"
"GSM2614153","1"
"GSM2614154","3"
"GSM2614155","4"
"GSM2614156","20"
"GSM2614157","5"
"GSM2614158","5"
"GSM2614159","23"
"GSM2614160","3"
"GSM2614161","21"
"GSM2614162","5"
"GSM2614163","1"
"GSM2614164","5"
"GSM2614165","3"
"GSM2614166","1"
"GSM2614167","5"
"GSM2614168","20"
"GSM2614169","21"
"GSM2614170","7"
"GSM2614171","5"
"GSM2614172","6"
"GSM2614173","1"
"GSM2614174","20"
"GSM2614175","5"
"GSM2614176","5"
"GSM2614177","3"
"GSM2614178","8"
"GSM2614179","3"
"GSM2614180","5"
"GSM2614181","1"
"GSM2614182","1"
"GSM2614183","5"
"GSM2614184","4"
"GSM2614185","5"
"GSM2614186","4"
"GSM2614187","3"
"GSM2614188","27"
"GSM2614189","3"
"GSM2614190","8"
"GSM2614191","20"
"GSM2614192","5"
"GSM2614193","4"
"GSM2614194","1"
"GSM2614195","5"
"GSM2614196","1"
"GSM2614197","5"
"GSM2614198","1"
"GSM2614199","3"
"GSM2614200","6"
"GSM2614201","3"
"GSM2614202","21"
"GSM2614203","5"
"GSM2614204","5"
"GSM2614205","6"
"GSM2614206","5"
"GSM2614207","1"
"GSM2614208","3"
"GSM2614209","5"
"GSM2614210","4"
"GSM2614211","20"
"GSM2614212","20"
"GSM2614213","5"
"GSM2614214","20"
"GSM2614215","2"
"GSM2614216","20"
"GSM2614217","2"
"GSM2614218","3"
"GSM2614219","5"
"GSM2614220","7"
"GSM2614221","5"
"GSM2614222","5"
"GSM2614223","6"
"GSM2614224","4"
"GSM2614225","22"
"GSM2614226","7"
"GSM2614227","5"
"GSM2614228","1"
"GSM2614229","20"
"GSM2614230","6"
"GSM2614231","20"
"GSM2614232","2"
"GSM2614233","1"
"GSM2614234","21"
"GSM2614235","5"
"GSM2614236","2"
"GSM2614237","4"
"GSM2614238","2"
"GSM2614239","4"
"GSM2614240","20"
"GSM2614241","5"
"GSM2614242","20"
"GSM2614243","6"
"GSM2614244","5"
"GSM2614245","6"
"GSM2614246","21"
"GSM2614247","4"
"GSM2614248","2"
"GSM2614249","5"
"GSM2614250","20"
"GSM2614251","5"
"GSM2614252","5"
"GSM2614253","1"
"GSM2614254","4"
"GSM2614255","7"
"GSM2614256","3"
"GSM2614257","1"
"GSM2614258","1"
"GSM2614259","4"
"GSM2614260","25"
"GSM2614261","5"
"GSM2614262","5"
"GSM2614263","5"
"GSM2614264","7"
"GSM2614265","7"
"GSM2614266","2"
"GSM2614267","20"
"GSM2614268","1"
"GSM2614269","5"
"GSM2614270","5"
"GSM2614271","3"
"GSM2614272","6"
"GSM2614273","5"
"GSM2614274","1"
"GSM2614275","5"
"GSM2614276","3"
"GSM2614277","5"
"GSM2614278","5"
"GSM2614279","6"
"GSM2614280","5"
"GSM2614281","1"
"GSM2614282","5"
"GSM2614283","17"
"GSM2614284","20"
"GSM2614285","3"
"GSM2614286","5"
"GSM2614287","20"
"GSM2614288","25"
"GSM2614289","1"
"GSM2614290","3"
"GSM2614291","1"
"GSM2614292","3"
"GSM2614293","1"
"GSM2614294","5"
"GSM2614295","5"
"GSM2614296","5"
"GSM2614297","2"
"GSM2614298","1"
"GSM2614299","5"
"GSM2614300","5"
"GSM2614301","20"
"GSM2614302","8"
"GSM2614303","3"
"GSM2614304","1"
"GSM2614305","25"
"GSM2614306","5"
"GSM2614307","7"
"GSM2614308","2"
"GSM2614309","20"
"GSM2614310","5"
"GSM2614311","5"
"GSM2614312","6"
"GSM2614313","21"
"GSM2614314","1"
"GSM2614315","3"
"GSM2614316","4"
"GSM2614317","1"
"GSM2614318","5"
"GSM2614319","1"
"GSM2614320","17"
"GSM2614321","2"
"GSM2614322","5"
"GSM2614323","5"
"GSM2614324","1"
"GSM2614325","4"
"GSM2614326","20"
"GSM2614327","4"
"GSM2614328","5"
"GSM2614329","1"
"GSM2614330","13"
"GSM2614331","6"
"GSM2614332","1"
"GSM2614333","1"
"GSM2614334","5"
"GSM2614335","4"
"GSM2614336","7"
"GSM2614337","8"
"GSM2614338","7"
"GSM2614339","21"
"GSM2614340","2"
"GSM2614341","7"
"GSM2614342","3"
"GSM2614343","1"
"GSM2614344","5"
"GSM2614345","20"
"GSM2614346","1"
"GSM2614347","3"
"GSM2614348","8"
"GSM2614349","5"
"GSM2614350","3"
"GSM2614351","1"
"GSM2614352","3"
"GSM2614353","8"
"GSM2614354","5"
"GSM2614355","3"
"GSM2614356","5"
"GSM2614357","5"
"GSM2614358","5"
"GSM2614359","1"
"GSM2614360","1"
"GSM2614361","1"
"GSM2614362","1"
"GSM2614363","1"
"GSM2614364","2"
"GSM2614365","6"
"GSM2614366","20"
"GSM2614367","2"
"GSM2614368","20"
"GSM2614369","5"
"GSM2614370","3"
"GSM2614371","6"
"GSM2614372","23"
"GSM2614373","1"
"GSM2614374","5"
"GSM2614375","1"
"GSM2614376","20"
"GSM2614377","20"
"GSM2614378","20"
"GSM2614379","5"
"GSM2614380","1"
"GSM2614381","5"
"GSM2614382","1"
"GSM2614383","4"
"GSM2614384","3"
"GSM2614385","25"
"GSM2614386","3"
"GSM2614387","4"
"GSM2614388","2"
"GSM2614389","5"
"GSM2614390","3"
"GSM2614391","1"
"GSM2614392","2"
"GSM2614393","20"
"GSM2614394","3"
"GSM2614395","1"
"GSM2614396","5"
"GSM2614397","17"
"GSM2614398","1"
"GSM2614399","21"
"GSM2614400","6"
"GSM2614401","5"
"GSM2614402","1"
"GSM2614403","5"
"GSM2614404","1"
"GSM2614405","1"
"GSM2614406","5"
"GSM2614407","1"
"GSM2614408","5"
"GSM2614409","5"
"GSM2614410","1"
"GSM2614411","1"
"GSM2614412","8"
"GSM2614413","5"
"GSM2614414","7"
"GSM2614415","5"
"GSM2614416","7"
"GSM2614417","5"
"GSM2614418","5"
"GSM2614419","5"
"GSM2614420","5"
"GSM2614421","8"
"GSM2614422","20"
"GSM2614423","4"
"GSM2614424","5"
"GSM2614425","2"
"GSM2614426","4"
"GSM2614427","2"
"GSM2614428","3"
"GSM2614429","20"
"GSM2614430","5"
"GSM2614431","6"
"GSM2614432","21"
"GSM2614433","5"
"GSM2614434","2"
"GSM2614435","6"
"GSM2614436","5"
"GSM2614437","23"
"GSM2614438","2"
"GSM2614439","1"
"GSM2614440","5"
"GSM2614441","3"
"GSM2614442","4"
"GSM2614443","5"
"GSM2614444","9"
"GSM2614445","5"
"GSM2614446","3"
"GSM2614447","5"
"GSM2614448","20"
"GSM2614449","20"
"GSM2614450","6"
"GSM2614451","27"
"GSM2614452","5"
"GSM2614453","1"
"GSM2614454","2"
"GSM2614455","3"
"GSM2614456","1"
"GSM2614457","4"
"GSM2614458","5"
"GSM2614459","4"
"GSM2614460","2"
"GSM2614461","5"
"GSM2614462","4"
"GSM2614463","4"
"GSM2614464","5"
"GSM2614465","1"
"GSM2614466","5"
"GSM2614467","1"
"GSM2614468","9"
"GSM2614469","6"
"GSM2614470","1"
"GSM2614471","5"
"GSM2614472","4"
"GSM2614473","1"
"GSM2614474","5"
"GSM2614475","9"
"GSM2614476","6"
"GSM2614477","1"
"GSM2614478","1"
"GSM2614479","3"
"GSM2614480","5"
"GSM2614481","1"
"GSM2614482","21"
"GSM2614483","3"
"GSM2614484","5"
"GSM2614485","2"
"GSM2614486","9"
"GSM2614487","2"
"GSM2614488","3"
"GSM2614489","5"
"GSM2614490","3"
"GSM2614491","4"
"GSM2614492","1"
"GSM2614493","1"
"GSM2614494","4"
"GSM2614495","21"
"GSM2614496","6"
"GSM2614497","4"
"GSM2614498","21"
"GSM2614499","5"
"GSM2614500","7"
"GSM2614501","21"
"GSM2614502","7"
"GSM2614503","1"
"GSM2614504","5"
"GSM2614505","1"
"GSM2614506","4"
"GSM2614507","3"
"GSM2614508","1"
"GSM2614509","4"
"GSM2614510","3"
"GSM2614511","5"
"GSM2614512","5"
"GSM2614513","1"
"GSM2614514","5"
"GSM2614515","1"
"GSM2614516","5"
"GSM2614517","2"
"GSM2614518","4"
"GSM2614519","5"
"GSM2614520","5"
"GSM2614521","1"
"GSM2614522","5"
"GSM2614523","5"
"GSM2614524","7"
"GSM2614525","5"
"GSM2614526","1"
"GSM2614527","5"
"GSM2614528","7"
"GSM2614529","3"
"GSM2614530","8"
"GSM2614531","6"
"GSM2614532","2"
"GSM2614533","1"
"GSM2614534","5"
"GSM2614535","2"
"GSM2614536","27"
"GSM2614537","5"
"GSM2614538","1"
"GSM2614539","21"
"GSM2614540","8"
"GSM2614541","3"
"GSM2614542","5"
"GSM2614543","3"
"GSM2614544","1"
"GSM2614545","5"
"GSM2614546","5"
"GSM2614547","20"
"GSM2614548","1"
"GSM2614549","1"
"GSM2614550","20"
"GSM2614551","17"
"GSM2614552","6"
"GSM2614553","5"
"GSM2614554","5"
"GSM2614555","5"
"GSM2614556","1"
"GSM2614557","3"
"GSM2614558","20"
"GSM2614559","6"
"GSM2614560","4"
"GSM2614561","1"
"GSM2614562","2"
"GSM2614563","4"
"GSM2614564","21"
"GSM2614565","20"
"GSM2614566","5"
"GSM2614567","21"
"GSM2614568","21"
"GSM2614569","5"
"GSM2614570","5"
"GSM2614571","5"
"GSM2614572","3"
"GSM2614573","5"
"GSM2614574","3"
"GSM2614575","21"
"GSM2614576","5"
"GSM2614577","2"
"GSM2614578","20"
"GSM2614579","4"
"GSM2614580","24"
"GSM2614581","8"
"GSM2614582","5"
"GSM2614583","27"
"GSM2614584","5"
"GSM2614585","5"
"GSM2614586","7"
"GSM2614587","5"
"GSM2614588","2"
"GSM2614589","5"
"GSM2614590","5"
"GSM2614591","20"
"GSM2614592","21"
"GSM2614593","5"
"GSM2614594","2"
"GSM2614595","2"
"GSM2614596","2"
"GSM2614597","5"
"GSM2614598","1"
"GSM2614599","4"
"GSM2614600","6"
"GSM2614601","4"
"GSM2614602","6"
"GSM2614603","2"
"GSM2614604","3"
"GSM2614605","23"
"GSM2614606","9"
"GSM2614607","20"
"GSM2614608","5"
"GSM2614609","5"
"GSM2614610","20"
"GSM2614611","5"
"GSM2614612","5"
"GSM2614613","5"
"GSM2614614","3"
"GSM2614615","21"
"GSM2614616","23"
"GSM2614617","21"
"GSM2614618","3"
"GSM2614619","20"
"GSM2614620","20"
"GSM2614621","3"
"GSM2614622","5"
"GSM2614623","5"
"GSM2614624","5"
"GSM2614625","5"
"GSM2614626","1"
"GSM2614627","27"
"GSM2614628","8"
"GSM2614629","5"
"GSM2614630","6"
"GSM2614631","20"
"GSM2614632","1"
"GSM2614633","6"
"GSM2614634","5"
"GSM2614635","1"
"GSM2614636","9"
"GSM2614637","1"
"GSM2614638","3"
"GSM2614639","6"
"GSM2614640","5"
"GSM2614641","23"
"GSM2614642","6"
"GSM2614643","1"
"GSM2614644","20"
"GSM2614645","4"
"GSM2614646","2"
"GSM2614647","20"
"GSM2614648","23"
"GSM2614649","4"
"GSM2614650","4"
"GSM2614651","4"
"GSM2614652","1"
"GSM2614653","1"
"GSM2614654","3"
"GSM2614655","4"
"GSM2614656","4"
"GSM2614657","1"
"GSM2614658","1"
"GSM2614659","5"
"GSM2614660","21"
"GSM2614661","4"
"GSM2614662","1"
"GSM2614663","8"
"GSM2614664","1"
"GSM2614665","1"
"GSM2614666","8"
"GSM2614667","1"
"GSM2614668","1"
"GSM2614669","1"
"GSM2614670","3"
"GSM2614671","8"
"GSM2614672","3"
"GSM2614673","2"
"GSM2614674","4"
"GSM2614675","1"
"GSM2614676","21"
"GSM2614677","2"
"GSM2614678","5"
"GSM2614679","5"
"GSM2614680","5"
"GSM2614681","20"
"GSM2614682","20"
"GSM2614683","5"
"GSM2614684","2"
"GSM2614685","5"
"GSM2614686","5"
"GSM2614687","3"
"GSM2614688","1"
"GSM2614689","6"
"GSM2614690","5"
"GSM2614691","1"
"GSM2614692","5"
"GSM2614693","5"
"GSM2614694","5"
"GSM2614695","5"
"GSM2614696","1"
"GSM2614697","5"
"GSM2614698","5"
"GSM2614699","5"
"GSM2614700","17"
"GSM2614701","6"
"GSM2614702","4"
"GSM2614703","1"
"GSM2614704","5"
"GSM2614705","5"
"GSM2614706","8"
"GSM2614707","2"
"GSM2614708","5"
"GSM2614709","5"
"GSM2614710","7"
"GSM2614711","20"
"GSM2614712","6"
"GSM2614713","7"
"GSM2614714","5"
"GSM2614715","1"
"GSM2614716","21"
"GSM2614717","1"
"GSM2614718","5"
"GSM2614719","3"
"GSM2614720","6"
"GSM2614721","5"
"GSM2614722","20"
"GSM2614723","25"
"GSM2614724","1"
"GSM2614725","5"
"GSM2614726","5"
"GSM2614727","5"
"GSM2614728","20"
"GSM2614729","3"
"GSM2614730","27"
"GSM2614731","20"
"GSM2614732","5"
"GSM2614733","6"
"GSM2614734","1"
"GSM2614735","1"
"GSM2614736","5"
"GSM2614737","20"
"GSM2614738","1"
"GSM2614739","5"
"GSM2614740","4"
"GSM2614741","3"
"GSM2614742","5"
"GSM2614743","5"
"GSM2614744","5"
"GSM2614745","1"
"GSM2614746","6"
"GSM2614747","1"
"GSM2614748","2"
"GSM2614749","20"
"GSM2614750","5"
"GSM2614751","5"
"GSM2614752","3"
"GSM2614753","21"
"GSM2614754","5"
"GSM2614755","1"
"GSM2614756","5"
"GSM2614757","17"
"GSM2614758","21"
"GSM2614759","2"
"GSM2614760","1"
"GSM2614761","3"
"GSM2614762","20"
"GSM2614763","3"
"GSM2614764","5"
"GSM2614765","1"
"GSM2614766","4"
"GSM2614767","1"
"GSM2614768","5"
"GSM2614769","5"
"GSM2614770","5"
"GSM2614771","6"
"GSM2614772","2"
"GSM2614773","1"
"GSM2614774","5"
"GSM2614775","21"
"GSM2614776","1"
"GSM2614777","5"
"GSM2614778","1"
"GSM2614779","1"
"GSM2614780","5"
"GSM2614781","5"
"GSM2614782","6"
"GSM2614783","4"
"GSM2614784","21"
"GSM2614785","4"
"GSM2614786","5"
"GSM2614787","5"
"GSM2614788","5"
"GSM2614789","5"
"GSM2614790","3"
"GSM2614791","5"
"GSM2614792","6"
"GSM2614793","8"
"GSM2614794","25"
"GSM2614795","1"
"GSM2614796","5"
"GSM2614797","1"
"GSM2614798","1"
"GSM2614799","3"
"GSM2614800","1"
"GSM2614801","1"
"GSM2614802","6"
"GSM2614803","20"
"GSM2614804","1"
"GSM2614805","7"
"GSM2614806","5"
"GSM2614807","4"
"GSM2614808","5"
"GSM2614809","5"
"GSM2614810","3"
"GSM2614811","5"
"GSM2614812","6"
"GSM2614813","5"
"GSM2614814","2"
"GSM2614815","3"
"GSM2614816","1"
"GSM2614817","1"
"GSM2614818","21"
"GSM2614819","7"
"GSM2614820","8"
"GSM2614821","6"
"GSM2614822","1"
"GSM2614823","6"
"GSM2614824","3"
"GSM2614825","5"
"GSM2614826","21"
"GSM2614827","20"
"GSM2614828","9"
"GSM2614829","1"
"GSM2614830","1"
"GSM2614831","2"
"GSM2614832","9"
"GSM2614833","5"
"GSM2614834","3"
"GSM2614835","21"
"GSM2614836","5"
"GSM2614837","2"
"GSM2614838","21"
"GSM2614839","25"
"GSM2614840","5"
"GSM2614841","5"
"GSM2614842","5"
"GSM2614843","5"
"GSM2614844","5"
"GSM2614845","5"
"GSM2614846","9"
"GSM2614847","20"
"GSM2614848","3"
"GSM2614849","5"
"GSM2614850","1"
"GSM2614851","6"
"GSM2614852","5"
"GSM2614853","5"
"GSM2614854","4"
"GSM2614855","3"
"GSM2614856","6"
"GSM2614857","1"
"GSM2614858","5"
"GSM2614859","5"
"GSM2614860","1"
"GSM2614861","3"
"GSM2614862","5"
"GSM2614863","2"
"GSM2614864","2"
"GSM2614865","5"
"GSM2614866","5"
"GSM2614867","7"
"GSM2614868","4"
"GSM2614869","5"
"GSM2614870","1"
"GSM2614871","5"
"GSM2614872","5"
"GSM2614873","6"
"GSM2614874","5"
"GSM2614875","2"
"GSM2614876","4"
"GSM2614877","2"
"GSM2614878","5"
"GSM2614879","20"
"GSM2614880","5"
"GSM2614881","5"
"GSM2614882","5"
"GSM2614883","1"
"GSM2614884","6"
"GSM2614885","3"
"GSM2614886","3"
"GSM2614887","1"
"GSM2614888","6"
"GSM2614889","3"
"GSM2614890","6"
"GSM2614891","8"
"GSM2614892","3"
"GSM2614893","2"
"GSM2614894","4"
"GSM2614895","5"
"GSM2614896","1"
"GSM2614897","21"
"GSM2614898","1"
"GSM2614899","5"
"GSM2614900","25"
"GSM2614901","2"
"GSM2614902","4"
"GSM2614903","5"
"GSM2614904","5"
"GSM2614905","6"
"GSM2614906","8"
"GSM2614907","1"
"GSM2614908","20"
"GSM2614909","1"
"GSM2614910","4"
"GSM2614911","20"
"GSM2614912","5"
"GSM2614913","1"
"GSM2614914","3"
"GSM2614915","5"
"GSM2614916","4"
"GSM2614917","1"
"GSM2614918","2"
"GSM2614919","20"
"GSM2614920","5"
"GSM2614921","17"
"GSM2614922","5"
"GSM2614923","27"
"GSM2614924","3"
"GSM2614925","5"
"GSM2614926","1"
"GSM2614927","5"
"GSM2614928","7"
"GSM2614929","23"
"GSM2614930","20"
"GSM2614931","5"
"GSM2614932","1"
"GSM2614933","3"
"GSM2614934","6"
"GSM2614935","5"
"GSM2614936","5"
"GSM2614937","5"
"GSM2614938","4"
"GSM2614939","5"
"GSM2614940","5"
"GSM2614941","5"
"GSM2614942","3"
"GSM2614943","9"
"GSM2614944","21"
"GSM2614945","5"
"GSM2614946","5"
"GSM2614947","5"
"GSM2614948","2"
"GSM2614949","5"
"GSM2614950","20"
"GSM2614951","1"
"GSM2614952","5"
"GSM2614953","25"
"GSM2614954","1"
"GSM2614955","3"
"GSM2614956","5"
"GSM2614957","4"
"GSM2614958","5"
"GSM2614959","5"
"GSM2614960","21"
"GSM2614961","20"
"GSM2614962","5"
"GSM2614963","4"
"GSM2614964","1"
"GSM2614965","20"
"GSM2614966","5"
"GSM2614967","21"
"GSM2614968","3"
"GSM2614969","4"
"GSM2614970","5"
"GSM2614971","1"
"GSM2614972","5"
"GSM2614973","5"
"GSM2614974","7"
"GSM2614975","5"
"GSM2614976","2"
"GSM2614977","9"
"GSM2614978","7"
"GSM2614979","5"
"GSM2614980","5"
"GSM2614981","1"
"GSM2614982","1"
"GSM2614983","5"
"GSM2614984","5"
"GSM2614985","2"
"GSM2614986","5"
"GSM2614987","5"
"GSM2614988","5"
"GSM2614989","7"
"GSM2614990","5"
"GSM2614991","5"
"GSM2614992","5"
"GSM2614993","6"
"GSM2614994","1"
"GSM2614995","3"
"GSM2614996","8"
"GSM2614997","1"
"GSM2614998","5"
"GSM2614999","2"
"GSM2615000","5"
"GSM2615001","9"
"GSM2615002","20"
"GSM2615003","1"
"GSM2615004","3"
"GSM2615005","1"
"GSM2615006","21"
"GSM2615007","1"
"GSM2615008","4"
"GSM2615009","21"
"GSM2615010","17"
"GSM2615011","1"
"GSM2615012","3"
"GSM2615013","3"
"GSM2615014","5"
"GSM2615015","5"
"GSM2615016","3"
"GSM2615017","3"
"GSM2615018","2"
"GSM2615019","20"
"GSM2615020","1"
"GSM2615021","3"
"GSM2615022","7"
"GSM2615023","5"
"GSM2615024","5"
"GSM2615025","3"
"GSM2615026","21"
"GSM2615027","1"
"GSM2615028","7"
"GSM2615029","2"
"GSM2615030","1"
"GSM2615031","5"
"GSM2615032","5"
"GSM2615033","5"
"GSM2615034","3"
"GSM2615035","6"
"GSM2615036","5"
"GSM2615037","1"
"GSM2615038","20"
"GSM2615039","3"
"GSM2615040","6"
"GSM2615041","5"
"GSM2615042","5"
"GSM2615043","1"
"GSM2615044","6"
"GSM2615045","4"
"GSM2615046","20"
"GSM2615047","20"
"GSM2615048","1"
"GSM2615049","5"
"GSM2615050","21"
"GSM2615051","7"
"GSM2615052","1"
"GSM2615053","5"
"GSM2615054","7"
"GSM2615055","5"
"GSM2615056","1"
"GSM2615057","6"
"GSM2615058","5"
"GSM2615059","5"
"GSM2615060","5"
"GSM2615061","1"
"GSM2615062","21"
"GSM2615063","2"
"GSM2615064","5"
"GSM2615065","1"
"GSM2615066","5"
"GSM2615067","3"
"GSM2615068","20"
"GSM2615069","5"
"GSM2615070","1"
"GSM2615071","5"
"GSM2615072","17"
"GSM2615073","5"
"GSM2615074","6"
"GSM2615075","5"
"GSM2615076","3"
"GSM2615077","8"
"GSM2615078","5"
"GSM2615079","3"
"GSM2615080","4"
"GSM2615081","5"
"GSM2615082","6"
"GSM2615083","20"
"GSM2615084","8"
"GSM2615085","8"
"GSM2615086","3"
"GSM2615087","5"
"GSM2615088","5"
"GSM2615089","5"
"GSM2615090","4"
"GSM2615091","21"
"GSM2615092","3"
"GSM2615093","2"
"GSM2615094","20"
"GSM2615095","6"
"GSM2615096","4"
"GSM2615097","6"
"GSM2615098","5"
"GSM2615099","1"
"GSM2615100","3"
"GSM2615101","5"
"GSM2615102","5"
"GSM2615103","5"
"GSM2615104","2"
"GSM2615105","5"
"GSM2615106","21"
"GSM2615107","1"
"GSM2615108","5"
"GSM2615109","5"
"GSM2615110","3"
"GSM2615111","5"
"GSM2615112","2"
"GSM2615113","1"
"GSM2615114","5"
"GSM2615115","5"
"GSM2615116","4"
"GSM2615117","1"
"GSM2615118","20"
"GSM2615119","1"
"GSM2615120","20"
"GSM2615121","3"
"GSM2615122","20"
"GSM2615123","1"
"GSM2615124","3"
"GSM2615125","5"
"GSM2615126","5"
"GSM2615127","1"
"GSM2615128","5"
"GSM2615129","1"
"GSM2615130","3"
"GSM2615131","5"
"GSM2615132","1"
"GSM2615133","5"
"GSM2615134","5"
"GSM2615135","3"
"GSM2615136","1"
"GSM2615137","21"
"GSM2615138","5"
"GSM2615139","20"
"GSM2615140","3"
"GSM2615141","23"
"GSM2615142","5"
"GSM2615143","5"
"GSM2615144","6"
"GSM2615145","1"
"GSM2615146","1"
"GSM2615147","2"
"GSM2615148","5"
"GSM2615149","7"
"GSM2615150","2"
"GSM2615151","3"
"GSM2615152","5"
"GSM2615153","1"
"GSM2615154","1"
"GSM2615155","7"
"GSM2615156","1"
"GSM2615157","20"
"GSM2615158","5"
"GSM2615159","1"
"GSM2615160","1"
"GSM2615161","5"
"GSM2615162","6"
"GSM2615163","20"
"GSM2615164","6"
"GSM2615165","1"
"GSM2615166","4"
"GSM2615167","5"
"GSM2615168","3"
"GSM2615169","5"
"GSM2615170","5"
"GSM2615171","5"
"GSM2615172","5"
"GSM2615173","4"
"GSM2615174","3"
"GSM2615175","6"
"GSM2615176","21"
"GSM2615177","5"
"GSM2615178","6"
"GSM2615179","5"
"GSM2615180","5"
"GSM2615181","7"
"GSM2615182","5"
"GSM2615183","1"
"GSM2615184","7"
"GSM2615185","5"
"GSM2615186","5"
"GSM2615187","5"
"GSM2615188","21"
"GSM2615189","3"
"GSM2615190","1"
"GSM2615191","5"
"GSM2615192","3"
"GSM2615193","5"
"GSM2615194","6"
"GSM2615195","20"
"GSM2615196","4"
"GSM2615197","3"
"GSM2615198","2"
"GSM2615199","5"
"GSM2615200","5"
"GSM2615201","5"
"GSM2615202","5"
"GSM2615203","3"
"GSM2615204","5"
"GSM2615205","4"
"GSM2615206","1"
"GSM2615207","5"
"GSM2615208","5"
"GSM2615209","20"
"GSM2615210","2"
"GSM2615211","5"
"GSM2615212","20"
"GSM2615213","1"
"GSM2615214","2"
"GSM2615215","1"
"GSM2615216","5"
"GSM2615217","3"
"GSM2615218","5"
"GSM2615219","5"
"GSM2615220","5"
"GSM2615221","3"
"GSM2615222","1"
"GSM2615223","5"
"GSM2615224","4"
"GSM2615225","5"
"GSM2615226","1"
"GSM2615227","5"
"GSM2615228","5"
"GSM2615229","1"
"GSM2615230","1"
"GSM2615231","6"
"GSM2615232","1"
"GSM2615233","3"
"GSM2615234","6"
"GSM2615235","5"
"GSM2615236","5"
"GSM2615237","6"
"GSM2615238","3"
"GSM2615239","5"
"GSM2615240","2"
"GSM2615241","20"
"GSM2615242","20"
"GSM2615243","1"
"GSM2615244","5"
"GSM2615245","4"
"GSM2615246","2"
"GSM2615247","9"
"GSM2615248","4"
"GSM2615249","20"
"GSM2615250","5"
"GSM2615251","5"
"GSM2615252","1"
"GSM2615253","3"
"GSM2615254","1"
"GSM2615255","5"
"GSM2615256","2"
"GSM2615257","3"
"GSM2615258","2"
"GSM2615259","2"
"GSM2615260","20"
"GSM2615261","20"
"GSM2615262","5"
"GSM2615263","5"
"GSM2615264","3"
"GSM2615265","6"
"GSM2615266","1"
"GSM2615267","5"
"GSM2615268","4"
"GSM2615269","25"
"GSM2615270","1"
"GSM2615271","3"
"GSM2615272","1"
"GSM2615273","1"
"GSM2615274","1"
"GSM2615275","20"
"GSM2615276","1"
"GSM2615277","5"
"GSM2615278","1"
"GSM2615279","20"
"GSM2615280","1"
"GSM2615281","5"
"GSM2615282","20"
"GSM2615283","6"
"GSM2615284","5"
"GSM2615285","5"
"GSM2615286","5"
"GSM2615287","5"
"GSM2615288","2"
"GSM2615289","1"
"GSM2615290","1"
"GSM2615291","4"
"GSM2615292","6"
"GSM2615293","8"
"GSM2615294","1"
"GSM2615295","4"
"GSM2615296","5"
"GSM2615297","5"
"GSM2615298","4"
"GSM2615299","6"
"GSM2615300","4"
"GSM2615301","1"
"GSM2615302","20"
"GSM2615303","20"
"GSM2615304","3"
"GSM2615305","5"
"GSM2615306","4"
"GSM2615307","23"
"GSM2615308","5"
"GSM2615309","5"
"GSM2615310","5"
"GSM2615311","5"
"GSM2615312","5"
"GSM2615313","5"
"GSM2615314","3"
"GSM2615315","5"
"GSM2615316","2"
"GSM2615317","5"
"GSM2615318","1"
"GSM2615319","2"
"GSM2615320","2"
"GSM2615321","1"
"GSM2615322","5"
"GSM2615323","20"
"GSM2615324","5"
"GSM2615325","6"
"GSM2615326","1"
"GSM2615327","4"
"GSM2615328","5"
"GSM2615329","4"
"GSM2615330","5"
"GSM2615331","4"
"GSM2615332","5"
"GSM2615333","21"
"GSM2615334","3"
"GSM2615335","27"
"GSM2615336","20"
"GSM2615337","5"
"GSM2615338","5"
"GSM2615339","4"
"GSM2615340","5"
"GSM2615341","2"
"GSM2615342","1"
"GSM2615343","5"
"GSM2615344","23"
"GSM2615345","1"
"GSM2615346","5"
"GSM2615347","1"
"GSM2615348","1"
"GSM2615349","7"
"GSM2615350","5"
"GSM2615351","5"
"GSM2615352","3"
"GSM2615353","1"
"GSM2615354","20"
"GSM2615355","1"
"GSM2615356","5"
"GSM2615357","5"
"GSM2615358","20"
"GSM2615359","5"
"GSM2615360","23"
"GSM2615361","5"
"GSM2615362","1"
"GSM2615363","1"
"GSM2615364","5"
"GSM2615365","21"
"GSM2615366","5"
"GSM2615367","6"
"GSM2615368","1"
"GSM2615369","25"
"GSM2615370","1"
"GSM2615371","5"
"GSM2615372","4"
"GSM2615373","5"
"GSM2615374","20"
"GSM2615375","21"
"GSM2615376","3"
"GSM2615377","2"
"GSM2615378","5"
"GSM2615379","1"
"GSM2615380","1"
"GSM2615381","5"
"GSM2615382","20"
"GSM2615383","5"
"GSM2615384","20"
"GSM2615385","5"
"GSM2615386","1"
"GSM2615387","3"
"GSM2615388","1"
"GSM2615389","2"
"GSM2615390","20"
"GSM2615391","1"
"GSM2615392","20"
"GSM2615393","3"
"GSM2615394","2"
"GSM2615395","1"
"GSM2615396","6"
"GSM2615397","5"
"GSM2615398","2"
"GSM2615399","5"
"GSM2615400","1"
"GSM2615401","5"
"GSM2615402","5"
"GSM2615403","20"
"GSM2615404","1"
"GSM2615405","5"
"GSM2615406","5"
"GSM2615407","17"
"GSM2615408","1"
"GSM2615409","2"
"GSM2615410","23"
"GSM2615411","1"
"GSM2615412","5"
"GSM2615413","3"
"GSM2615414","5"
"GSM2615415","4"
"GSM2615416","3"
"GSM2615417","5"
"GSM2615418","3"
"GSM2615419","5"
"GSM2615420","4"
"GSM2615421","17"
"GSM2615422","6"
"GSM2615423","5"
"GSM2615424","20"
"GSM2615425","1"
"GSM2615426","5"
"GSM2615427","5"
"GSM2615428","1"
"GSM2615429","5"
"GSM2615430","5"
"GSM2615431","3"
"GSM2615432","2"
"GSM2615433","5"
"GSM2615434","1"
"GSM2615435","4"
"GSM2615436","2"
"GSM2615437","4"
"GSM2615438","2"
"GSM2615439","3"
"GSM2615440","20"
"GSM2615441","5"
"GSM2615442","20"
"GSM2615443","3"
"GSM2615444","20"
"GSM2615445","5"
"GSM2615446","25"
"GSM2615447","3"
"GSM2615448","5"
"GSM2615449","1"
"GSM2615450","5"
"GSM2615451","5"
"GSM2615452","6"
"GSM2615453","5"
"GSM2615454","5"
"GSM2615455","5"
"GSM2615456","5"
"GSM2615457","21"
"GSM2615458","5"
"GSM2615459","5"
"GSM2615460","2"
"GSM2615461","5"
"GSM2615462","6"
"GSM2615463","1"
"GSM2615464","1"
"GSM2615465","7"
"GSM2615466","20"
"GSM2615467","5"
"GSM2615468","24"
"GSM2615469","24"
"GSM2615470","24"
"GSM2615471","7"
"GSM2615472","14"
"GSM2615473","14"
"GSM2615474","24"
"GSM2615475","14"
"GSM2615476","14"
"GSM2615477","14"
"GSM2615478","7"
"GSM2615479","24"
"GSM2615480","24"
"GSM2615481","24"
"GSM2615482","5"
"GSM2615483","24"
"GSM2615484","24"
"GSM2615485","24"
"GSM2615486","14"
"GSM2615487","14"
"GSM2615488","24"
"GSM2615489","19"
"GSM2615490","24"
"GSM2615491","7"
"GSM2615492","24"
"GSM2615493","24"
"GSM2615494","24"
"GSM2615495","24"
"GSM2615496","14"
"GSM2615497","14"
"GSM2615498","24"
"GSM2615499","24"
"GSM2615500","24"
"GSM2615501","24"
"GSM2615502","24"
"GSM2615503","24"
"GSM2615504","14"
"GSM2615505","24"
"GSM2615506","7"
"GSM2615507","24"
"GSM2615508","7"
"GSM2615509","24"
"GSM2615510","24"
"GSM2615511","14"
"GSM2615512","24"
"GSM2615513","7"
"GSM2615514","24"
"GSM2615515","24"
"GSM2615516","14"
"GSM2615517","24"
"GSM2615518","7"
"GSM2615519","24"
"GSM2615520","24"
"GSM2615521","14"
"GSM2615522","24"
"GSM2615523","14"
"GSM2615524","24"
"GSM2615525","14"
"GSM2615526","24"
"GSM2615527","14"
"GSM2615528","24"
"GSM2615529","24"
"GSM2615530","24"
"GSM2615531","14"
"GSM2615532","24"
"GSM2615533","24"
"GSM2615534","24"
"GSM2615535","24"
"GSM2615536","24"
"GSM2615537","24"
"GSM2615538","24"
"GSM2615539","24"
"GSM2615540","14"
"GSM2615541","24"
"GSM2615542","24"
"GSM2615543","24"
"GSM2615544","24"
"GSM2615545","14"
"GSM2615546","24"
"GSM2615547","24"
"GSM2615548","24"
"GSM2615549","14"
"GSM2615550","24"
"GSM2615551","14"
"GSM2615552","7"
"GSM2615553","14"
"GSM2615554","14"
"GSM2615555","14"
"GSM2615556","24"
"GSM2615557","24"
"GSM2615558","24"
"GSM2615559","14"
"GSM2615560","24"
"GSM2615561","24"
"GSM2615562","14"
"GSM2615563","14"
"GSM2615564","14"
"GSM2615565","14"
"GSM2615566","14"
"GSM2615567","14"
"GSM2615568","24"
"GSM2615569","24"
"GSM2615570","24"
"GSM2615571","14"
"GSM2615572","24"
"GSM2615573","14"
"GSM2615574","24"
"GSM2615575","24"
"GSM2615576","14"
"GSM2615577","14"
"GSM2615578","24"
"GSM2615579","14"
"GSM2615580","14"
"GSM2615581","23"
"GSM2615582","14"
"GSM2615583","14"
"GSM2615584","14"
"GSM2615585","14"
"GSM2615586","14"
"GSM2615587","14"
"GSM2615588","14"
"GSM2615589","14"
"GSM2615590","14"
"GSM2615591","24"
"GSM2615592","14"
"GSM2615593","14"
"GSM2615594","7"
"GSM2615595","14"
"GSM2615596","14"
"GSM2615597","24"
"GSM2615598","9"
"GSM2615599","14"
"GSM2615600","14"
"GSM2615601","14"
"GSM2615602","14"
"GSM2615603","14"
"GSM2615604","14"
"GSM2615605","14"
"GSM2615606","14"
"GSM2615607","14"
"GSM2615608","14"
"GSM2615609","14"
"GSM2615610","14"
"GSM2615611","14"
"GSM2615612","14"
"GSM2615613","14"
"GSM2615614","14"
"GSM2615615","14"
"GSM2615616","14"
"GSM2615617","14"
"GSM2615618","14"
"GSM2615619","14"
"GSM2615620","14"
"GSM2615621","14"
"GSM2615622","14"
"GSM2615623","14"
"GSM2615624","14"
"GSM2615625","23"
"GSM2615626","14"
"GSM2615627","14"
"GSM2615628","14"
"GSM2615629","14"
"GSM2615630","24"
"GSM2615631","24"
"GSM2615632","24"
"GSM2615633","24"
"GSM2615634","14"
"GSM2615635","14"
"GSM2615636","14"
"GSM2615637","14"
"GSM2615638","14"
"GSM2615639","24"
"GSM2615640","7"
"GSM2615641","14"
"GSM2615642","14"
"GSM2615643","14"
"GSM2615644","14"
"GSM2615645","24"
"GSM2615646","14"
"GSM2615647","14"
"GSM2615648","24"
"GSM2615649","8"
"GSM2615650","14"
"GSM2615651","14"
"GSM2615652","14"
"GSM2615653","24"
"GSM2615654","14"
"GSM2615655","14"
"GSM2615656","14"
"GSM2615657","24"
"GSM2615658","14"
"GSM2615659","14"
"GSM2615660","24"
"GSM2615661","14"
"GSM2615662","14"
"GSM2615663","14"
"GSM2615664","14"
"GSM2615665","24"
"GSM2615666","14"
"GSM2615667","24"
"GSM2615668","24"
"GSM2615669","14"
"GSM2615670","14"
"GSM2615671","14"
"GSM2615672","14"
"GSM2615673","14"
"GSM2615674","14"
"GSM2615675","14"
"GSM2615676","14"
"GSM2615677","14"
"GSM2615678","14"
"GSM2615679","14"
"GSM2615680","24"
"GSM2615681","14"
"GSM2615682","14"
"GSM2615683","14"
"GSM2615684","14"
"GSM2615685","24"
"GSM2615686","14"
"GSM2615687","14"
"GSM2615688","14"
"GSM2615689","14"
"GSM2615690","24"
"GSM2615691","14"
"GSM2615692","24"
"GSM2615693","24"
"GSM2615694","14"
"GSM2615695","14"
"GSM2615696","14"
"GSM2615697","14"
"GSM2615698","14"
"GSM2615699","14"
"GSM2615700","14"
"GSM2615701","14"
"GSM2615702","24"
"GSM2615703","14"
"GSM2615704","14"
"GSM2615705","24"
"GSM2615706","14"
"GSM2615707","24"
"GSM2615708","24"
"GSM2615709","14"
"GSM2615710","14"
"GSM2615711","14"
"GSM2615712","14"
"GSM2615713","14"
"GSM2615714","14"
"GSM2615715","14"
"GSM2615716","14"
"GSM2615717","14"
"GSM2615718","14"
"GSM2615719","14"
"GSM2615720","14"
"GSM2615721","14"
"GSM2615722","14"
"GSM2615723","24"
"GSM2615724","14"
